[1.465737 1.465737] ;15975;-6207;11451
[1.468433 0.002696] ;15967;-6205;11442
[1.489726 0.021293] ;15986;-6200;11440
[1.508185 0.018460] ;15962;-6205;11428
[1.557734 0.049548] ;15960;-6217;11428
[1.607431 0.049698] ;15965;-6200;11448
[1.617294 0.009863] ;15967;-6207;11435
[1.647433 0.030138] ;15956;-6200;11451
[1.666803 0.019371] ;15965;-6207;11445
[1.676761 0.009958] ;15970;-6202;11445
[1.688081 0.011320] ;15983;-6205;11445
[1.716995 0.028914] ;15951;-6200;11448
[1.766423 0.049428] ;15965;-6212;11453
[1.796232 0.029809] ;15967;-6205;11445
[1.815758 0.019526] ;15967;-6202;11445
[1.825912 0.010154] ;15956;-6205;11440
[1.836884 0.010972] ;15972;-6202;11440
[1.905389 0.068505] ;15970;-6195;11456
[1.915302 0.009913] ;15943;-6212;11435
[1.945500 0.030198] ;15965;-6202;11448
[1.964750 0.019250] ;15965;-6205;11448
[1.974787 0.010037] ;15956;-6207;11435
[1.985781 0.010994] ;15970;-6210;11442
[2.004554 0.018773] ;15967;-6197;11448
[2.064512 0.059958] ;15967;-6190;11442
[2.094236 0.029725] ;15962;-6205;11442
[2.113885 0.019649] ;15962;-6210;11448
[2.123627 0.009742] ;15967;-6200;11445
[2.153748 0.030120] ;15965;-6195;11458
[2.163961 0.010213] ;15970;-6192;11458
[2.213475 0.049514] ;15962;-6195;11437
[2.243204 0.029729] ;15956;-6200;11442
[2.262894 0.019690] ;15960;-6205;11445
[2.284225 0.021331] ;15980;-6202;11440
[2.302751 0.018526] ;15948;-6197;11437
[2.312865 0.010115] ;15956;-6195;11435
[2.362497 0.049632] ;15965;-6200;11442
[2.392376 0.029879] ;15960;-6197;11448
[2.411542 0.019166] ;15975;-6205;11453
[2.421834 0.010293] ;15970;-6210;11440
[2.433056 0.011221] ;15977;-6200;11440
[2.451444 0.018388] ;15967;-6192;11445
[2.461374 0.009930] ;15962;-6205;11445
[2.471520 0.010146] ;15956;-6200;11445
[2.482816 0.011296] ;15980;-6202;11437
[2.501332 0.018516] ;15967;-6180;11437
[2.511106 0.009774] ;15960;-6190;11426
[2.541095 0.029989] ;15960;-6207;11453
[2.560726 0.019632] ;15960;-6217;11451
[2.570581 0.009855] ;15956;-6212;11445
[2.581975 0.011394] ;15977;-6202;11445
[2.610774 0.028799] ;15953;-6212;11442
[2.640589 0.029815] ;15948;-6190;11440
[2.660060 0.019472] ;15953;-6215;11442
[2.669987 0.009926] ;15962;-6202;11431
[2.681183 0.011196] ;15986;-6197;11442
[2.699731 0.018548] ;15953;-6207;11448
[2.709794 0.010063] ;15970;-6212;11442
[2.719968 0.010173] ;15965;-6202;11445
[2.730874 0.010906] ;15975;-6205;11431
[2.749487 0.018613] ;15962;-6210;11456
[2.759517 0.010031] ;15962;-6217;11453
[2.809231 0.049714] ;15970;-6215;11435
[2.839031 0.029800] ;15967;-5980;11445
[2.868902 0.029871] ;15967;-5977;11445
[2.880077 0.011174] ;15980;-6207;11437
[2.929724 0.049647] ;15986;-6205;11437
[2.948101 0.018377] ;15975;-6195;11451
[2.958036 0.009935] ;15967;-6205;11453
[2.988095 0.030059] ;15975;-6210;11448
[3.017843 0.029749] ;15986;-6215;11440
[3.028867 0.011024] ;16007;-6217;11431
[3.047587 0.018720] ;16001;-6220;11435
[3.057313 0.009726] ;16015;-6225;11428
[3.107200 0.049887] ;16022;-6220;11423
[3.137038 0.029838] ;16062;-6232;11431
[3.156296 0.019258] ;16075;-6230;11428
[3.166456 0.010161] ;16091;-6247;11423
[3.177477 0.011021] ;16131;-6250;11405
[3.206608 0.029131] ;16162;-6267;11388
[3.236484 0.029875] ;16260;-6295;11375
[3.255734 0.019250] ;16341;-6320;11355
[3.265673 0.009939] ;16376;-6340;11328
[3.277036 0.011362] ;16457;-6357;11312
[3.295598 0.018562] ;16523;-6397;11287
[3.305494 0.009896] ;16592;-6420;11257
[3.315540 0.010046] ;16652;-6432;11241
[3.326952 0.011412] ;16761;-6462;11213
[3.345240 0.018288] ;16885;-6502;11176
[3.355528 0.010288] ;16956;-6530;11130
[3.385308 0.029780] ;17232;-6615;11086
[3.404856 0.019548] ;17436;-6670;10998
[3.414663 0.009806] ;17541;-6715;10963
[3.426124 0.011461] ;17683;-6760;10911
[3.454949 0.028826] ;18000;-6862;10781
[3.504449 0.049500] ;18630;-7062;10541
[3.534263 0.029814] ;19041;-7192;10361
[3.553659 0.019397] ;19316;-7300;10230
[3.563599 0.009940] ;19468;-7337;10148
[3.574801 0.011202] ;19653;-7377;10072
[3.593348 0.018546] ;19906;-7465;9933
[3.603041 0.009693] ;20046;-7497;9837
[3.613466 0.010425] ;20196;-7567;9758
[3.624418 0.010952] ;20383;-7607;9655
[3.653384 0.028966] ;20795;-7740;9372
[3.683263 0.029879] ;21243;-7870;9075
[3.712785 0.029521] ;21700;-8020;8705
[3.723917 0.011133] ;21892;-8072;8562
[3.742523 0.018605] ;22158;-8172;8333
[3.752400 0.009877] ;22297;-8210;8186
[3.762631 0.010232] ;22453;-8255;8047
[3.773619 0.010988] ;22630;-8300;7841
[3.792062 0.018443] ;22867;-8392;7532
[3.801927 0.009865] ;23012;-8432;7361
[3.812120 0.010193] ;23141;-8472;7197
[3.823430 0.011310] ;23318;-8512;6985
[3.851980 0.028550] ;23640;-8582;6451
[3.881876 0.029896] ;23985;-8680;5811
[3.911693 0.029817] ;24267;-8760;5121
[3.922522 0.010829] ;24388;-8790;4811
[3.941062 0.018540] ;24488;-8800;4333
[3.973583 0.032521] ;24552;-8822;4067
[3.976386 0.002803] ;24602;-8835;3772
[3.979110 0.002725] ;24683;-8840;3443
[3.990514 0.011403] ;24713;-8827;2901
[4.000506 0.009992] ;24716;-8837;2603
[4.010410 0.009904] ;24716;-8822;2282
[4.021565 0.011155] ;24721;-8840;1917
[4.050373 0.028808] ;24586;-8755;963
[4.080274 0.029901] ;24370;-8677;-86
[4.090044 0.009769] ;24246;-8625;-430
[4.121148 0.031105] ;23816;-8472;-1636
[4.149888 0.028739] ;23181;-8255;-2748
[4.179553 0.029665] ;22411;-8020;-3947
[4.209590 0.030037] ;21383;-7690;-5197
[4.220459 0.010869] ;20947;-7547;-5672
[4.239096 0.018637] ;20125;-7287;-6430
[4.248967 0.009871] ;19637;-7145;-6857
[4.259007 0.010039] ;19136;-6987;-7243
[4.270116 0.011110] ;18543;-6827;-7688
[4.288670 0.018554] ;17446;-6465;-8416
[4.298655 0.009984] ;16808;-6282;-8802
[4.308529 0.009874] ;16138;-6077;-9178
[4.319796 0.011267] ;15350;-5857;-9617
[4.338308 0.018513] ;13955;-5450;-10285
[4.348447 0.010138] ;13158;-5230;-10633
[4.358553 0.010106] ;12345;-5000;-10976
[4.369619 0.011067] ;11411;-4735;-11336
[4.388056 0.018436] ;9728;-4277;-11900
[4.398139 0.010083] ;8806;-4045;-12186
[4.428008 0.029869] ;5863;-3307;-12976
[4.457883 0.029875] ;2726;-2535;-13611
[4.468660 0.010777] ;1505;-2240;-13840
[4.487144 0.018484] ;-532;-1750;-14132
[4.497248 0.010104] ;-1645;-1475;-14262
[4.507361 0.010113] ;-2765;-1227;-14385
[4.518272 0.010911] ;-4052;-930;-14518
[4.547219 0.028947] ;-7242;-182;-14680
[4.577102 0.029883] ;-10541;575;-14715
[4.606853 0.029751] ;-13678;1310;-14493
[4.617675 0.010823] ;-14836;1590;-14387
[4.636340 0.018665] ;-16613;2017;-14061
[4.646275 0.009935] ;-17520;2237;-13860
[4.676081 0.029806] ;-20051;2830;-13058
[4.695460 0.019379] ;-21515;3145;-12325
[4.705925 0.010464] ;-22182;3297;-11952
[4.716864 0.010939] ;-22917;3470;-11461
[4.746009 0.029145] ;-24391;3775;-10132
[4.795461 0.049451] ;-26071;3982;-7273
[4.825125 0.029665] ;-26477;3937;-5340
[4.855002 0.029877] ;-26387;3697;-3386
[4.866309 0.011307] ;-26295;3520;-2527
[4.884486 0.018177] ;-25862;3252;-1307
[4.894461 0.009975] ;-25570;3060;-626
[4.904182 0.009721] ;-25225;2855;78
[4.915281 0.011098] ;-24811;2537;938
[4.924410 0.009129] ;-24373;2345;1501
[4.954115 0.029706] ;-22606;1500;3476
[4.965310 0.011195] ;-21845;1090;4227
[4.983591 0.018281] ;-20331;427;5331
[4.993420 0.009829] ;-19452;57;5871
[5.004067 0.010648] ;-18506;-337;6412
[5.033523 0.029455] ;-15408;-1617;7841
[5.043518 0.009995] ;-14268;-2062;8236
[5.053682 0.010164] ;-13080;-2517;8628
[5.064555 0.010873] ;-11732;-3047;9031
[5.083044 0.018489] ;-9372;-3917;9608
[5.092850 0.009806] ;-8062;-4395;9848
[5.102907 0.010057] ;-6738;-4877;10088
[5.114040 0.011133] ;-5231;-5420;10296
[5.143007 0.028967] ;-1350;-6795;10710
[5.172879 0.029872] ;2662;-8220;10876
[5.192260 0.019381] ;5238;-9140;10851
[5.202138 0.009878] ;6486;-9582;10791
[5.232378 0.030241] ;10045;-10820;10423
[5.242401 0.010022] ;11131;-11217;10232
[5.292023 0.049622] ;15798;-12715;8913
[5.321832 0.029809] ;17845;-13237;7745
[5.341267 0.019435] ;18876;-13400;6851
[5.351363 0.010096] ;19268;-13412;6317
[5.362760 0.011397] ;19687;-13372;5735
[5.381088 0.018328] ;20086;-13242;4661
[5.391229 0.010141] ;20207;-13142;4040
[5.401021 0.009793] ;20262;-12990;3421
[5.412244 0.011222] ;20291;-12825;2693
[5.430845 0.018602] ;20003;-12382;1432
[5.441064 0.010218] ;19748;-12107;730
[5.470862 0.029798] ;18551;-11195;-1411
[5.500647 0.029786] ;16578;-9977;-3585
[5.511642 0.010994] ;15685;-9515;-4356
[5.530137 0.018496] ;13916;-8630;-5606
[5.540050 0.009913] ;12871;-8140;-6260
[5.550054 0.010004] ;11746;-7647;-6867
[5.561275 0.011221] ;10406;-7107;-7543
[5.579489 0.018214] ;7998;-6175;-8530
[5.589456 0.009968] ;6643;-5677;-9023
[5.599691 0.010235] ;5222;-5200;-9478
[5.610436 0.010745] ;3593;-4672;-9947
[5.639590 0.029154] ;-721;-3345;-10900
[5.649412 0.009822] ;-2258;-2897;-11146
[5.660581 0.011170] ;-4026;-2412;-11405
[5.678873 0.018292] ;-6867;-1630;-11633
[5.689004 0.010131] ;-8378;-1237;-11693
[5.718951 0.029947] ;-12695;-115;-11587
[5.748585 0.029633] ;-16547;887;-10925
[5.760007 0.011422] ;-17887;1240;-10546
[5.778481 0.018474] ;-19770;1732;-9731
[5.788284 0.009802] ;-20705;1960;-9230
[5.798099 0.009815] ;-21541;2180;-8647
[5.809596 0.011497] ;-22448;2432;-7938
[5.827856 0.018260] ;-23571;2740;-6628
[5.837692 0.009837] ;-24067;2865;-5871
[5.847803 0.010111] ;-24478;2965;-5086
[5.859212 0.011409] ;-24900;3102;-4125
[5.877406 0.018194] ;-25243;3177;-2513
[5.887453 0.010047] ;-25327;3207;-1615
[5.897722 0.010269] ;-25315;3225;-716
[5.908424 0.010702] ;-25256;3275;416
[5.917459 0.009035] ;-25077;3265;1203
[5.947403 0.029945] ;-24056;3092;4031
[5.958490 0.011087] ;-23530;2960;5143
[5.976825 0.018334] ;-22303;2740;6830
[5.986951 0.010126] ;-21538;2617;7668
[5.996691 0.009740] ;-20676;2492;8541
[6.008084 0.011393] ;-19645;2277;9535
[6.026458 0.018374] ;-17628;1947;10990
[6.036492 0.010034] ;-16438;1737;11696
[6.046737 0.010245] ;-15192;1552;12358
[6.057662 0.010925] ;-13700;1307;13091
[6.076235 0.018572] ;-11007;920;14135
[6.086117 0.009882] ;-9493;700;14633
[6.096020 0.009904] ;-7946;490;15077
[6.107147 0.011127] ;-6151;227;15537
[6.136139 0.028992] ;-1400;-400;16437
[6.165895 0.029756] ;3630;-1070;17015
[6.195619 0.029725] ;8518;-1735;17218
[6.206694 0.011075] ;10316;-1985;17170
[6.225151 0.018457] ;13091;-2367;16995
[6.235231 0.010080] ;14508;-2585;16805
[6.265336 0.030104] ;18390;-3205;15962
[6.295233 0.029897] ;21565;-3732;14592
[6.306054 0.010821] ;22648;-3905;13960
[6.324719 0.018665] ;24086;-4165;12823
[6.334667 0.009948] ;24750;-4277;12142
[6.364475 0.029808] ;26330;-4582;10003
[6.384079 0.019603] ;26996;-4712;8497
[6.393811 0.009732] ;27212;-4765;7707
[6.423787 0.029976] ;27532;-4922;5301
[6.433626 0.009839] ;27516;-4912;4478
[6.443842 0.010216] ;27411;-4892;3677
[6.454959 0.011117] ;27281;-4830;2677
[6.473265 0.018306] ;26775;-4710;1236
[6.483688 0.010423] ;26440;-4622;497
[6.493537 0.009849] ;26031;-4535;-238
[6.504709 0.011172] ;25551;-4372;-1176
[6.533544 0.028835] ;23858;-3932;-3127
[6.563170 0.029626] ;21631;-3285;-4980
[6.593100 0.029930] ;18976;-2480;-6453
[6.604026 0.010926] ;17883;-2145;-6920
[6.622557 0.018532] ;15967;-1540;-7568
[6.632477 0.009919] ;14905;-1185;-7873
[6.642399 0.009922] ;13833;-825;-8137
[6.653558 0.011159] ;12578;-390;-8412
[6.682123 0.028565] ;9367;725;-8862
[6.692186 0.010063] ;8236;1132;-8960
[6.703043 0.010857] ;6962;1590;-9047
[6.721501 0.018457] ;4893;2382;-9086
[6.731293 0.009792] ;3806;2807;-9083
[6.741516 0.010224] ;2743;3230;-9053
[6.771769 0.030253] ;-316;4502;-8865
[6.781080 0.009311] ;-1288;4935;-8753
[6.791388 0.010308] ;-2232;5337;-8617
[6.802179 0.010791] ;-3282;5810;-8456
[6.831099 0.028920] ;-5660;6915;-7957
[6.841030 0.009931] ;-6420;7287;-7748
[6.852249 0.011219] ;-7247;7692;-7532
[6.870433 0.018185] ;-8463;8300;-7113
[6.880586 0.010153] ;-9041;8602;-6865
[6.890533 0.009946] ;-9605;8880;-6626
[6.901720 0.011188] ;-10208;9175;-6328
[6.930660 0.028939] ;-11390;9767;-5555
[6.960503 0.029843] ;-12310;10167;-4696
[6.990263 0.029760] ;-12832;10292;-3808
[7.001044 0.010782] ;-12951;10282;-3478
[7.019838 0.018793] ;-12987;10162;-2915
[7.029794 0.009956] ;-12956;10065;-2596
[7.059650 0.029856] ;-12658;9575;-1707
[7.089456 0.029806] ;-12017;8812;-811
[7.100339 0.010883] ;-11708;8472;-473
[7.118728 0.018389] ;-11047;7835;76
[7.128722 0.009994] ;-10675;7442;351
[7.138700 0.009978] ;-10256;7042;615
[7.168395 0.029695] ;-8851;5665;1397
[7.178468 0.010074] ;-8338;5180;1642
[7.188578 0.010110] ;-7793;4662;1876
[7.199444 0.010866] ;-7145;4067;2141
[7.208296 0.008852] ;-6633;3605;2317
[7.238222 0.029926] ;-4745;1897;2917
[7.249208 0.010986] ;-4012;1205;3143
[7.278160 0.028952] ;-2087;-527;3615
[7.288035 0.009875] ;-1400;-1150;3772
[7.299076 0.011041] ;-585;-1855;3931
[7.327682 0.028606] ;1450;-3637;4277
[7.357380 0.029698] ;3572;-5495;4560
[7.387209 0.029829] ;5662;-7295;4756
[7.398161 0.010952] ;6462;-7940;4802
[7.427074 0.028913] ;8355;-9532;4865
[7.457103 0.030029] ;10235;-11062;4852
[7.476573 0.019470] ;11380;-11992;4808
[7.486334 0.009761] ;11920;-12427;4737
[7.497550 0.011216] ;12531;-12865;4672
[7.526589 0.029039] ;13847;-13902;4435
[7.576249 0.049660] ;15613;-15190;3836
[7.606117 0.029868] ;16312;-15615;3391
[7.625465 0.019347] ;16621;-15737;3058
[7.635434 0.009969] ;16740;-15787;2873
[7.646513 0.011079] ;16837;-15792;2670
[7.675468 0.028955] ;16871;-15635;2121
[7.705356 0.029888] ;16666;-15282;1550
[7.724680 0.019324] ;16373;-14915;1122
[7.734531 0.009851] ;16176;-14672;926
[7.745710 0.011178] ;15993;-14415;686
[7.774467 0.028757] ;15205;-13527;70
[7.784668 0.010201] ;14893;-13177;-132
[7.795943 0.011275] ;14538;-12785;-348
[7.814183 0.018241] ;13831;-12012;-713
[7.824436 0.010252] ;13415;-11575;-917
[7.834266 0.009830] ;12982;-11112;-1118
[7.845615 0.011349] ;12481;-10610;-1351
[7.864151 0.018537] ;11572;-9660;-1710
[7.873941 0.009789] ;11057;-9130;-1903
[7.903592 0.029652] ;9428;-7475;-2435
[7.913853 0.010261] ;8863;-6897;-2612
[7.944623 0.030770] ;6983;-5045;-3157
[7.973233 0.028611] ;5183;-3295;-3603
[8.002976 0.029743] ;3252;-1460;-4056
[8.012788 0.009812] ;2593;-850;-4190
[8.043512 0.030724] ;540;995;-4626
[8.052062 0.008550] ;-26;1485;-4737
[8.062482 0.010420] ;-671;2052;-4848
[8.072479 0.009996] ;-1331;2617;-4968
[8.102287 0.029808] ;-3271;4192;-5301
[8.112156 0.009870] ;-3912;4685;-5407
[8.143238 0.031082] ;-5845;6090;-5666
[8.171865 0.028627] ;-7498;7157;-5838
[8.181551 0.009685] ;-8046;7467;-5898
[8.192785 0.011235] ;-8661;7817;-5957
[8.211226 0.018441] ;-9591;8275;-5993
[8.221267 0.010041] ;-10058;8482;-6015
[8.231441 0.010175] ;-10532;8640;-6010
[8.242337 0.010895] ;-11038;8800;-6026
[8.271213 0.028877] ;-12122;8982;-5955
[8.301121 0.029908] ;-13061;8907;-5753
[8.330856 0.029735] ;-13745;8495;-5435
[8.341812 0.010956] ;-13976;8282;-5290
[8.360229 0.018417] ;-14187;7807;-4985
[8.370358 0.010129] ;-14253;7507;-4811
[8.380165 0.009807] ;-14313;7192;-4610
[8.391567 0.011401] ;-14358;6802;-4391
[8.409748 0.018182] ;-14285;6062;-3936
[8.419876 0.010127] ;-14201;5640;-3696
[8.429941 0.010065] ;-14085;5205;-3435
[8.441053 0.011112] ;-13942;4662;-3127
[8.459637 0.018584] ;-13573;3720;-2587
[8.469437 0.009800] ;-13322;3195;-2301
[8.479553 0.010115] ;-13061;2647;-1996
[8.490609 0.011056] ;-12718;2020;-1640
[8.509077 0.018468] ;-12033;940;-1051
[8.518954 0.009877] ;-11648;362;-735
[8.528794 0.009840] ;-11228;-245;-430
[8.558730 0.029936] ;-9771;-2020;513
[8.568534 0.009804] ;-9243;-2625;811
[8.578443 0.009909] ;-8687;-3225;1095
[8.608529 0.030086] ;-6923;-5020;1917
[8.618195 0.009666] ;-6296;-5617;2171
[8.628404 0.010209] ;-5642;-6192;2405
[8.639794 0.011390] ;-4913;-6845;2682
[8.668390 0.028597] ;-2990;-8422;3261
[8.678167 0.009777] ;-2325;-8955;3435
[8.689408 0.011241] ;-1545;-9542;3650
[8.707602 0.018194] ;-268;-10452;3892
[8.717868 0.010266] ;400;-10932;4042
[8.727836 0.009968] ;1067;-11392;4137
[8.738789 0.010953] ;1800;-11890;4238
[8.767725 0.028936] ;3593;-13052;4430
[8.797576 0.029852] ;5325;-14045;4511
[8.827425 0.029849] ;6833;-14892;4476
[8.838515 0.011090] ;7366;-15125;4437
[8.856691 0.018176] ;8102;-15470;4350
[8.866704 0.010013] ;8463;-15622;4280
[8.876930 0.010226] ;8803;-15742;4220
[8.887922 0.010992] ;9182;-15852;4135
[8.906266 0.018344] ;9657;-15937;3966
[8.916301 0.010035] ;9866;-15935;3855
[8.926431 0.010129] ;10053;-15932;3748
[8.937615 0.011184] ;10240;-15890;3615
[8.956199 0.018584] ;10438;-15735;3377
[8.966368 0.010169] ;10498;-15600;3220
[8.976553 0.010185] ;10532;-15452;3075
[8.987643 0.011090] ;10548;-15260;2892
[9.006090 0.018448] ;10451;-14827;2596
[9.016239 0.010149] ;10346;-14567;2416
[9.046090 0.029851] ;9890;-13665;1838
[9.065364 0.019274] ;9410;-12920;1437
[9.075202 0.009837] ;9122;-12522;1222
[9.105215 0.030013] ;8102;-11202;555
[9.114806 0.009591] ;7703;-10715;340
[9.125085 0.010279] ;7278;-10222;116
[9.136040 0.010955] ;6772;-9657;-113
[9.144809 0.008769] ;6351;-9210;-296
[9.154955 0.010146] ;5847;-8660;-501
[9.185739 0.030783] ;4123;-6922;-1146
[9.194826 0.009087] ;3608;-6412;-1312
[9.224832 0.030006] ;1733;-4647;-1827
[9.235616 0.010784] ;1001;-3977;-2007
[9.253870 0.018254] ;-238;-2850;-2261
[9.263821 0.009951] ;-925;-2247;-2397
[9.273820 0.010000] ;-1623;-1640;-2497
[9.303629 0.029809] ;-3698;117;-2746
[9.313397 0.009768] ;-4390;700;-2800
[9.323592 0.010195] ;-5075;1270;-2848
[9.334911 0.011318] ;-5863;1925;-2885
[9.343536 0.008626] ;-6443;2410;-2896
[9.373538 0.030002] ;-8392;4005;-2827
[9.384439 0.010900] ;-9103;4587;-2762
[9.413365 0.028926] ;-10738;5920;-2511
[9.443009 0.029644] ;-12255;7155;-2065
[9.472840 0.029831] ;-13476;8130;-1483
[9.484146 0.011307] ;-13881;8475;-1238
[9.502153 0.018006] ;-14385;8912;-790
[9.512191 0.010039] ;-14598;9102;-508
[9.522270 0.010078] ;-14770;9260;-231
[9.533372 0.011102] ;-14960;9445;106
[9.542327 0.008955] ;-15045;9527;377
[9.572027 0.029699] ;-15062;9662;1395
[9.583052 0.011025] ;-14991;9667;1790
[9.601462 0.018410] ;-14686;9570;2508
[9.611755 0.010293] ;-14465;9470;2878
[9.621530 0.009775] ;-14211;9357;3277
[9.632673 0.011142] ;-13868;9172;3721
[9.661772 0.029100] ;-12661;8610;4876
[9.691442 0.029670] ;-10986;7767;6091
[9.721027 0.029585] ;-8882;6777;7257
[9.732036 0.011009] ;-7983;6362;7680
[9.760715 0.028679] ;-5446;5240;8705
[9.790345 0.029631] ;-2510;3930;9625
[9.800380 0.010035] ;-1455;3472;9925
[9.831527 0.031147] ;1980;2020;10721
[9.860058 0.028531] ;5283;657;11257
[9.870044 0.009985] ;6443;187;11410
[9.881356 0.011313] ;7770;-390;11548
[9.899597 0.018240] ;9935;-1282;11737
[9.909842 0.010246] ;11068;-1762;11775
[9.919677 0.009835] ;12191;-2252;11821
[9.930988 0.011311] ;13491;-2782;11807
[9.949430 0.018441] ;15473;-3645;11710
[9.959317 0.009888] ;16500;-4092;11620
[9.989457 0.030139] ;19395;-5380;11112
[10.019246 0.029789] ;21873;-6462;10292
[10.030269 0.011024] ;22753;-6850;9897
[10.048503 0.018234] ;23941;-7360;9190
[10.058491 0.009988] ;24510;-7582;8772
[10.068875 0.010384] ;25035;-7790;8345
[10.079935 0.011060] ;25588;-8080;7758
[10.098708 0.018773] ;26280;-8302;6797
[10.108160 0.009452] ;26580;-8432;6241
[10.118273 0.010114] ;26827;-6260;5696
[10.129555 0.011281] ;26870;-6217;4961
[10.147920 0.018366] ;27067;-5860;3855
[10.157912 0.009992] ;27123;-5857;3241
[10.167981 0.010069] ;27117;-5860;2612
[10.179155 0.011174] ;26860;-5717;1811
[10.197477 0.018322] ;26580;-5670;650
[10.207152 0.009675] ;26377;-5597;12
[10.217612 0.010460] ;26100;-5542;-633
[10.247535 0.029922] ;25433;-7465;-2696
[10.257324 0.009790] ;24942;-7280;-3317
[10.267465 0.010141] ;24415;-7065;-3933
[10.278403 0.010938] ;23790;-7270;-4751
[10.297154 0.018751] ;22506;-6747;-5848
[10.307093 0.009939] ;21741;-6457;-6435
[10.317026 0.009932] ;20942;-6130;-7015
[10.328169 0.011144] ;19982;-5820;-7647
[10.346851 0.018682] ;18227;-5165;-8576
[10.356430 0.009579] ;17238;-4797;-9047
[10.366680 0.010250] ;16186;-4427;-9488
[10.377712 0.011032] ;14973;-4012;-10012
[10.396314 0.018602] ;12847;-3292;-10715
[10.406345 0.010031] ;11666;-2915;-11050
[10.416426 0.010081] ;10456;-2522;-11382
[10.427539 0.011113] ;9053;-2097;-11733
[10.445965 0.018426] ;6693;-1370;-12211
[10.455914 0.009949] ;5405;-990;-12410
[10.465858 0.009944] ;4107;-615;-12625
[10.477220 0.011362] ;2610;-212;-12851
[10.495234 0.018013] ;162;485;-13110
[10.505390 0.010157] ;-1148;830;-13213
[10.515281 0.009891] ;-2453;1195;-13292
[10.545281 0.030000] ;-6320;2215;-13412
[10.555146 0.009865] ;-7563;2537;-13387
[10.565313 0.010166] ;-8790;2867;-13333
[10.576734 0.011421] ;-10156;3222;-13273
[10.594985 0.018251] ;-12267;3782;-13015
[10.605026 0.010042] ;-13362;4075;-12846
[10.635167 0.030141] ;-16378;4860;-12123
[10.654380 0.019213] ;-18118;5302;-11456
[10.664638 0.010258] ;-18915;5517;-11075
[10.675848 0.011211] ;-19772;5742;-10608
[10.693978 0.018129] ;-20975;6022;-9761
[10.703897 0.009919] ;-21546;6172;-9262
[10.714024 0.010127] ;-22047;6285;-8726
[10.725258 0.011234] ;-22588;6415;-8053
[10.754108 0.028850] ;-23495;6562;-6310
[10.783741 0.029633] ;-23991;6575;-4326
[10.813533 0.029792] ;-23938;6427;-2261
[10.824681 0.011148] ;-23825;6342;-1405
[10.843046 0.018365] ;-23378;6127;-95
[10.852785 0.009739] ;-23057;6000;615
[10.862837 0.010052] ;-22710;5845;1317
[10.874204 0.011367] ;-22275;5615;2121
[10.902825 0.028620] ;-20681;5005;4035
[10.932762 0.029937] ;-18538;4185;5975
[10.942739 0.009976] ;-17705;3885;6557
[10.973373 0.030634] ;-14788;2862;8236
[11.002385 0.029012] ;-11680;1870;9562
[11.032151 0.029766] ;-8128;755;10668
[11.061776 0.029625] ;-4328;-377;11516
[11.072682 0.010907] ;-2847;-807;11767
[11.101323 0.028641] ;913;-1897;12252
[11.131438 0.030115] ;4851;-3037;12513
[11.161255 0.029817] ;8613;-4157;12500
[11.172320 0.011065] ;9997;-4577;12423
[11.190753 0.018433] ;12128;-5240;12206
[11.200780 0.010027] ;13238;-5585;12058
[11.210900 0.010120] ;14290;-5922;11867
[11.221895 0.010995] ;15477;-6275;11622
[11.240489 0.018595] ;17232;-6842;11135
[11.250757 0.010267] ;18092;-7142;10802
[11.280462 0.029705] ;20400;-7857;9668
[11.310208 0.029746] ;22197;-8402;8250
[11.321054 0.010846] ;22783;-8567;7666
[11.339772 0.018718] ;23508;-8745;6645
[11.349687 0.009915] ;23827;-8817;6045
[11.359769 0.010082] ;24096;-8900;5451
[11.371152 0.011384] ;24373;-8982;4716
[11.389230 0.018078] ;24595;-9005;3533
[11.399318 0.010087] ;24660;-8995;2890
[11.409292 0.009974] ;24647;-8987;2227
[11.420433 0.011141] ;24626;-8182;1423
[11.439013 0.018580] ;24338;-6492;160
[11.448776 0.009764] ;24127;-6440;-525
[11.459030 0.010254] ;23856;-6355;-1245
[11.469922 0.010892] ;23344;-8542;-2067
[11.479180 0.009258] ;23173;-8405;-2672
[11.498479 0.019299] ;22149;-8077;-4028
[11.508427 0.009947] ;21691;-7907;-4740
[11.538648 0.030221] ;19692;-7247;-6742
[11.548290 0.009642] ;18893;-6990;-7386
[11.558611 0.010321] ;18050;-6715;-7993
[11.569702 0.011091] ;17035;-6427;-8638
[11.588052 0.018350] ;15171;-5850;-9671
[11.598013 0.009961] ;14106;-5545;-10176
[11.608161 0.010148] ;12993;-5212;-10666
[11.619447 0.011286] ;11701;-4850;-11208
[11.637859 0.018412] ;9415;-4232;-11976
[11.647800 0.009941] ;8152;-3892;-12355
[11.677610 0.029810] ;4188;-2892;-13331
[11.707183 0.029573] ;57;-1885;-14033
[11.718585 0.011401] ;-1512;-1517;-14257
[11.736555 0.017970] ;-4086;-905;-14507
[11.746827 0.010272] ;-5441;-575;-14603
[11.756686 0.009860] ;-6788;-270;-14666
[11.767669 0.010983] ;-8312;77;-14728
[11.776728 0.009058] ;-9422;342;-14745
[11.806753 0.030025] ;-13132;1205;-14565
[11.818133 0.011380] ;-14465;1532;-14421
[11.836327 0.018194] ;-16473;2037;-14080
[11.846448 0.010122] ;-17478;2265;-13840
[11.876241 0.029793] ;-20220;2907;-12962
[11.906129 0.029888] ;-22435;3385;-11758
[11.917175 0.011046] ;-23195;3597;-11232
[11.935763 0.018588] ;-24183;3770;-10331
[11.945688 0.009926] ;-24663;3835;-9835
[11.975645 0.029956] ;-25720;4020;-8088
[12.005521 0.029876] ;-26337;4022;-6342
[12.016647 0.011126] ;-26477;3985;-5573
[12.034901 0.018255] ;-26482;3870;-4377
[12.044830 0.009929] ;-26446;3792;-3762
[12.055021 0.010191] ;-26356;3687;-3100
[12.066138 0.011117] ;-26240;3500;-2301
[12.084488 0.018351] ;-25831;3205;-1141
[12.094420 0.009932] ;-25531;3032;-501
[12.104287 0.009867] ;-25193;2820;132
[12.115571 0.011284] ;-24800;2552;933
[12.124409 0.008839] ;-24400;2355;1457
[12.154306 0.029897] ;-22822;1590;3287
[12.165317 0.011010] ;-22145;1227;3961
[12.183911 0.018594] ;-20830;650;4968
[12.193590 0.009679] ;-20070;317;5472
[12.203303 0.009713] ;-19266;5;5968
[12.233573 0.030271] ;-16663;-1115;7320
[12.243431 0.009858] ;-15708;-1497;7715
[12.253558 0.010127] ;-14725;-1885;8091
[12.264898 0.011339] ;-13591;-2347;8483
[12.283272 0.018375] ;-11625;-3080;9061
[12.293333 0.010061] ;-10530;-3490;9331
[12.303019 0.009686] ;-9443;-3897;9573
[12.314223 0.011204] ;-8167;-4372;9830
[12.343072 0.028848] ;-4887;-5552;10345
[12.372793 0.029721] ;-1460;-6765;10696
[12.402582 0.029788] ;1932;-7970;10860
[12.413519 0.010937] ;3195;-8415;10865
[12.432090 0.018571] ;5198;-9132;10823
[12.442025 0.009935] ;6248;-9505;10791
[12.452204 0.010179] ;7271;-9880;10726
[12.463307 0.011104] ;8437;-10260;10622
[12.481895 0.018588] ;10182;-10877;10405
[12.492098 0.010203] ;11100;-11210;10260
[12.541688 0.049589] ;15088;-12510;9220
[12.571513 0.029826] ;16987;-13052;8331
[12.601329 0.029816] ;18456;-13350;7280
[12.612335 0.011006] ;18936;-13392;6821
[12.630815 0.018479] ;19497;-13400;6042
[12.641132 0.010318] ;19763;-13362;5573
[12.670772 0.029640] ;20222;-7135;4116
[12.700618 0.029845] ;20226;-7030;2508
[12.711773 0.011155] ;20160;-12590;1887
[12.730059 0.018286] ;19798;-12167;820
[12.740002 0.009943] ;19521;-11927;212
[12.750142 0.010140] ;19200;-11655;-388
[12.761402 0.011260] ;18817;-11392;-1067
[12.780126 0.018724] ;17905;-10797;-2203
[12.789912 0.009786] ;17362;-10455;-2806
[12.819765 0.029853] ;15382;-9355;-4590
[12.849662 0.029897] ;12813;-8122;-6296
[12.860601 0.010940] ;11732;-7662;-6892
[12.879102 0.018500] ;9773;-6860;-7816
[12.888997 0.009895] ;8663;-6425;-8296
[12.899105 0.010108] ;7501;-5995;-8726
[12.910245 0.011140] ;6148;-5532;-9216
[12.938871 0.028626] ;2498;-4320;-10236
[12.968743 0.029872] ;-1545;-3122;-11052
[12.998626 0.029882] ;-5666;-1975;-11543
[13.009496 0.010870] ;-7235;-1565;-11691
[13.027986 0.018490] ;-9733;-900;-11737
[13.037939 0.009954] ;-11047;-557;-11703
[13.048054 0.010115] ;-12331;-215;-11627
[13.059409 0.011355] ;-13755;142;-11500
[13.077604 0.018195] ;-15915;717;-11100
[13.087541 0.009937] ;-17013;990;-10830
[13.097818 0.010277] ;-18056;1265;-10491
[13.109098 0.011280] ;-19205;1562;-10080
[13.127534 0.018436] ;-20811;1972;-9220
[13.137347 0.009813] ;-21586;2172;-8698
[13.147460 0.010113] ;-22285;2372;-8110
[13.158438 0.010978] ;-23043;2562;-7382
[13.176873 0.018435] ;-23991;2797;-6097
[13.187132 0.010259] ;-24405;2910;-5363
[13.196974 0.009842] ;-24735;3002;-4603
[13.208046 0.011072] ;-25080;3145;-3622
[13.226564 0.018518] ;-25341;3215;-2081
[13.236566 0.010001] ;-25370;3235;-1252
[13.246582 0.010016] ;-25338;3252;-370
[13.257406 0.010824] ;-25251;3245;751
[13.286496 0.029090] ;-24436;3115;3333
[13.316039 0.029543] ;-22898;2830;6088
[13.346124 0.030085] ;-20576;2430;8675
[13.356817 0.010693] ;-19542;2220;9677
[13.375498 0.018681] ;-17491;1887;11096
[13.385425 0.009928] ;-16283;1675;11810
[13.395561 0.010136] ;-15005;1495;12477
[13.406787 0.011225] ;-13491;1262;13208
[13.425246 0.018460] ;-10743;852;14260
[13.434947 0.009701] ;-9180;640;14747
[13.445115 0.010168] ;-7566;415;15216
[13.456103 0.010988] ;-5713;155;15660
[13.484923 0.028820] ;-782;-475;16551
[13.514874 0.029950] ;4463;-1185;17085
[13.524578 0.009704] ;6187;-1415;17181
[13.544379 0.019801] ;9571;-1895;17216
[13.574049 0.029670] ;14306;-2572;16856
[13.584009 0.009960] ;15767;-2785;16611
[13.594201 0.010192] ;17132;-3007;16297
[13.605382 0.011181] ;18662;-3247;15865
[13.623827 0.018445] ;20845;-3627;14971
[13.633887 0.010060] ;21881;-3787;14401
[13.663968 0.030081] ;24495;-4242;12082
[13.683301 0.019333] ;25760;-4490;10633
[13.693302 0.010002] ;26256;-4580;9843
[13.704461 0.011159] ;26788;-4765;9151
[13.713311 0.008850] ;27031;-4792;8416
[13.743310 0.029999] ;27511;-4900;5756
[13.754334 0.011024] ;27550;-4422;4615
[13.772870 0.018535] ;27290;-4355;2963
[13.782792 0.009923] ;27043;-4322;2072
[13.792825 0.010032] ;26701;-4265;1141
[13.803735 0.010911] ;26282;-4592;51
[13.832737 0.029002] ;24605;-4152;-2326
[13.862330 0.029593] ;22166;-3457;-4582
[13.892417 0.030087] ;19081;-2517;-6393
[13.903393 0.010977] ;17823;-2100;-6968
[13.922083 0.018690] ;15503;-1372;-7710
[13.931593 0.009510] ;14221;-945;-8045
[13.941697 0.010104] ;12887;-490;-8328
[13.952596 0.010899] ;11361;22;-8641
[13.981541 0.028945] ;7453;1427;-9017
[14.009986 0.028445] ;6077;1932;-9077
[14.011133 0.001147] ;4550;2510;-9123
[14.020784 0.009651] ;2106;3475;-9058
[14.030565 0.009781] ;830;3997;-8982
[14.040554 0.009989] ;-383;4517;-8865
[14.070626 0.030071] ;-3860;6062;-8358
[14.080744 0.010118] ;-4922;6552;-8146
[14.090383 0.009639] ;-5895;7012;-7908
[14.101708 0.011326] ;-6995;7550;-7628
[14.110664 0.008956] ;-7738;7917;-7393
[14.140410 0.029746] ;-9952;9015;-6470
[14.151591 0.011181] ;-10672;9385;-6088
[14.169868 0.018276] ;-11585;9822;-5435
[14.180240 0.010373] ;-11972;10000;-5067
[14.189989 0.009748] ;-12302;10140;-4702
[14.201188 0.011199] ;-12632;10272;-4263
[14.219895 0.018707] ;-12908;10300;-3538
[14.230066 0.010171] ;-12982;10225;-3146
[14.259770 0.029704] ;-12792;9762;-1975
[14.289521 0.029751] ;-12025;8857;-808
[14.300390 0.010869] ;-11627;8397;-391
[14.318806 0.018417] ;-10603;7522;312
[14.328709 0.009902] ;-10227;6982;656
[14.338767 0.010058] ;-9641;6430;996
[14.368447 0.029680] ;-7616;4515;1956
[14.378422 0.009974] ;-6860;3805;2247
[14.388397 0.009975] ;-6068;3097;2511
[14.418163 0.029766] ;-3577;802;3261
[14.427840 0.009677] ;-2691;2;3483
[14.437924 0.010084] ;-1792;-797;3672
[14.467743 0.029819] ;961;-3232;4203
[14.477665 0.009922] ;1897;-4047;4347
[14.487711 0.010046] ;2826;-4860;4481
[14.517675 0.029964] ;5588;-7225;4767
[14.527472 0.009797] ;6480;-7992;4822
[14.537297 0.009825] ;7361;-8742;4862
[14.548666 0.011369] ;8362;-9535;4876
[14.557470 0.008804] ;9080;-10122;4895
[14.577266 0.019797] ;10665;-11430;4857
[14.587217 0.009951] ;11400;-12042;4781
[14.598409 0.011192] ;12231;-12655;4716
[14.627216 0.028807] ;13997;-14032;4410
[14.657099 0.029884] ;15416;-15007;3925
[14.676584 0.019485] ;16098;-15470;3538
[14.686549 0.009965] ;16373;-15625;3321
[14.697824 0.011275] ;16568;-15735;3086
[14.716258 0.018434] ;16790;-15762;2658
[14.726220 0.009962] ;16823;-15735;2386
[14.736313 0.010092] ;16816;-15647;2132
[14.747467 0.011154] ;16830;-15527;1852
[14.766077 0.018610] ;16540;-15120;1351
[14.776053 0.009976] ;16328;-14850;1070
[14.805953 0.029900] ;15445;-13790;236
[14.835744 0.029791] ;14076;-12295;-577
[14.846741 0.010998] ;13520;-11677;-903
[14.865329 0.018588] ;12397;-10492;-1395
[14.875100 0.009771] ;11743;-9830;-1670
[14.885455 0.010354] ;11078;-9130;-1898
[14.896634 0.011179] ;10298;-8350;-2178
[14.914978 0.018344] ;8925;-6955;-2617
[14.924660 0.009682] ;8152;-6187;-2862
[14.934674 0.010014] ;7373;-5397;-3072
[14.945840 0.011166] ;6472;-4532;-3303
[14.974713 0.028874] ;4128;-2280;-3865
[14.984585 0.009872] ;3300;-1487;-4058
[14.995571 0.010986] ;2353;-625;-4257
[15.013796 0.018226] ;798;787;-4566
[15.023564 0.009767] ;-28;1517;-4723
[15.033591 0.010028] ;-851;2225;-4892
[15.073894 0.040302] ;-4065;4805;-5413
[15.083982 0.010089] ;-4842;5370;-5525
[15.094948 0.010966] ;-5702;5987;-5652
[15.113257 0.018309] ;-7036;6872;-5786
[15.123129 0.009872] ;-7717;7285;-5865
[15.133450 0.010321] ;-8383;7640;-5928
[15.144178 0.010728] ;-9122;8050;-5985
[15.153117 0.008939] ;-9633;8285;-6017
[15.183251 0.030134] ;-11266;8842;-6021
[15.194195 0.010944] ;-11817;8962;-5991
[15.212728 0.018533] ;-12578;8987;-5848
[15.222654 0.009926] ;-12937;8925;-5775
[15.232984 0.010330] ;-13283;8812;-5677
[15.243944 0.010961] ;-13607;8642;-5543
[15.262444 0.018500] ;-13985;8222;-5238
[15.272253 0.009809] ;-14145;7905;-5053
[15.282422 0.010169] ;-14263;7575;-4838
[15.293402 0.010980] ;-14351;7120;-4573
[15.322268 0.028866] ;-14225;5805;-3770
[15.352288 0.030021] ;-13710;4087;-2790
[15.381986 0.029698] ;-12753;2122;-1696
[15.392834 0.010848] ;-12318;1335;-1255
[15.411213 0.018378] ;-11385;12;-522
[15.421165 0.009952] ;-10838;-727;-143
[15.431034 0.009869] ;-10246;-1452;233
[15.460811 0.029777] ;-8300;-3670;1298
[15.470761 0.009949] ;-7575;-4410;1645
[15.480906 0.010146] ;-6820;-5135;1972
[15.492015 0.011108] ;-5961;-5935;2326
[15.500800 0.008785] ;-5262;-6532;2573
[15.530816 0.030016] ;-2817;-8567;3326
[15.541533 0.010717] ;-1876;-9295;3580
[15.570496 0.028963] ;497;-11005;4045
[15.600396 0.029900] ;2855;-12577;4377
[15.630258 0.029862] ;5017;-13905;4513
[15.641059 0.010801] ;5771;-14312;4511
[15.659598 0.018539] ;6883;-14917;4478
[15.669526 0.009928] ;7418;-15172;4443
[15.679732 0.010206] ;7917;-15417;4380
[15.690907 0.011176] ;8471;-15617;4291
[15.719607 0.028700] ;9488;-15920;4015
[15.749653 0.030046] ;10211;-15910;3631
[15.769019 0.019366] ;10465;-15680;3323
[15.779144 0.010124] ;10525;-15522;3132
[15.790093 0.010950] ;10553;-15295;2925
[15.808843 0.018750] ;10417;-14785;2552
[15.818684 0.009841] ;10285;-14447;2307
[15.828794 0.010110] ;10118;-14085;2095
[15.839982 0.011188] ;9900;-13672;1832
[15.858404 0.018422] ;9351;-12827;1388
[15.868313 0.009909] ;9003;-12347;1141
[15.878294 0.009981] ;8592;-11827;871
[15.889388 0.011093] ;8136;-11250;577
[15.918282 0.028895] ;6667;-9540;-165
[15.927914 0.009632] ;6082;-8915;-407
[15.939208 0.011294] ;5396;-8215;-683
[15.967691 0.028483] ;3490;-6295;-1337
[15.997664 0.029974] ;1288;-4245;-1936
[16.007318 0.009654] ;521;-3552;-2102
[16.038487 0.031168] ;-1923;-1385;-2527
[16.066968 0.028481] ;-4178;537;-2786
[16.076821 0.009853] ;-4963;1197;-2832
[16.088015 0.011194] ;-5847;1940;-2868
[16.116786 0.028772] ;-7981;3692;-2838
[16.146719 0.029932] ;-10016;5360;-2601
[16.176471 0.029752] ;-11780;6805;-2185
[16.187491 0.011020] ;-12388;7290;-1996
[16.206089 0.018598] ;-13225;7975;-1601
[16.215887 0.009798] ;-13617;8312;-1361
[16.226096 0.010210] ;-13966;8590;-1111
[16.237083 0.010987] ;-14330;8900;-797
[16.255595 0.018512] ;-14731;9275;-238
[16.264950 0.009355] ;-14872;9425;76
[16.275084 0.010134] ;-14983;9545;425
[16.305283 0.030199] ;-15010;9690;1490
[16.315001 0.009718] ;-14907;9682;1885
[16.325067 0.010066] ;-14748;9630;2282
[16.336468 0.011401] ;-14532;9525;2770
[16.365141 0.028674] ;-13591;9090;3966
[16.394969 0.029828] ;-12162;8382;5277
[16.424578 0.029608] ;-10208;7450;6532
[16.435451 0.010874] ;-9383;7037;6987
[16.453974 0.018522] ;-7846;6327;7735
[16.464033 0.010059] ;-6962;5917;8105
[16.473793 0.009760] ;-6035;5497;8467
[16.503784 0.029991] ;-3045;4185;9467
[16.513580 0.009796] ;-1977;3707;9772
[16.523535 0.009954] ;-885;3242;10066
[16.534638 0.011104] ;390;2700;10375
[16.563694 0.029056] ;3698;1325;11020
[16.593283 0.029589] ;7192;-150;11516
[16.623521 0.030237] ;10705;-1627;11772
[16.634339 0.010818] ;12010;-2170;11807
[16.652732 0.018393] ;14050;-3040;11780
[16.662825 0.010093] ;15116;-3497;11731
[16.692586 0.029761] ;18130;-4835;11382
[16.722466 0.029881] ;20766;-6017;10698
[16.733845 0.011378] ;21715;-6415;10396
[16.752095 0.018251] ;23007;-6952;9758
[16.762121 0.010026] ;23640;-7230;9391
[16.792014 0.029893] ;25275;-7922;8113
[16.821803 0.029788] ;26387;-8342;6620
[16.833163 0.011360] ;26546;-5582;5955
[16.851411 0.018248] ;26872;-5630;4938
[16.861429 0.010018] ;27017;-5627;4353
[16.871418 0.009989] ;27093;-5647;3758
[16.882537 0.011120] ;26870;-4775;2998
[16.901024 0.018486] ;26780;-4762;1878
[16.911102 0.010078] ;26670;-4770;1241
[16.920812 0.009711] ;26522;-4757;645
[16.932093 0.011281] ;26622;-7450;-127
[16.961076 0.028983] ;25720;-6382;-1898
[16.990834 0.029758] ;24568;-7577;-3838
[17.020787 0.029954] ;22746;-6827;-5633
[17.031668 0.010881] ;21968;-6597;-6303
[17.050135 0.018466] ;20488;-6025;-7326
[17.060140 0.010005] ;19637;-5712;-7827
[17.069933 0.009793] ;18746;-5377;-8322
[17.081406 0.011473] ;17733;-4987;-8835
[17.099611 0.018205] ;15880;-4332;-9628
[17.109817 0.010206] ;14826;-3972;-10033
[17.119981 0.010164] ;13750;-3597;-10402
[17.131076 0.011095] ;12502;-3195;-10823
[17.149594 0.018519] ;10372;-2497;-11388
[17.159528 0.009934] ;9198;-2137;-11687
[17.189646 0.030118] ;5586;-1057;-12415
[17.218892 0.029246] ;1906;2;-12916
[17.229783 0.010891] ;490;372;-13086
[17.238594 0.008812] ;-573;677;-13178
[17.249106 0.010511] ;-1800;1005;-13273
[17.268551 0.019446] ;-4231;1655;-13368
[17.298280 0.029728] ;-7741;2582;-13377
[17.308308 0.010029] ;-8866;2885;-13345
[17.318116 0.009808] ;-9952;3180;-13265
[17.329506 0.011390] ;-11200;3505;-13165
[17.348129 0.018622] ;-13082;4010;-12895
[17.357953 0.009824] ;-14050;4275;-12710
[17.368091 0.010138] ;-14986;4510;-12491
[17.379287 0.011196] ;-16017;4780;-12238
[17.397871 0.018585] ;-17541;5175;-11701
[17.408144 0.010272] ;-18301;5370;-11385
[17.437812 0.029668] ;-20300;5892;-10260
[17.457270 0.019458] ;-21391;6152;-9377
[17.467083 0.009813] ;-21881;6267;-8913
[17.497093 0.030010] ;-23005;6512;-7380
[17.507038 0.009945] ;-23290;6550;-6830
[17.517236 0.010198] ;-23513;6590;-6268
[17.528256 0.011020] ;-23772;6610;-5587
[17.546729 0.018473] ;-23953;6605;-4513
[17.556653 0.009925] ;-24020;6580;-3925
[17.566871 0.010217] ;-24020;6552;-3323
[17.577800 0.010929] ;-24025;6175;-2541
[17.596362 0.018563] ;-23801;6042;-1411
[17.606068 0.009706] ;-23637;5952;-800
[17.616222 0.010154] ;-23428;5865;-185
[17.627262 0.011040] ;-23168;6007;527
[17.656024 0.028762] ;-22142;5585;2231
[17.685900 0.029877] ;-20732;5012;4023
[17.695862 0.009961] ;-20191;4800;4585
[17.715387 0.019525] ;-18955;4335;5642
[17.745292 0.029905] ;-16842;3587;7107
[17.755198 0.009906] ;-16057;3310;7565
[17.765080 0.009882] ;-15250;3052;7998
[17.776235 0.011155] ;-14313;2710;8478
[17.805128 0.028893] ;-11711;1867;9546
[17.834786 0.029658] ;-8792;960;10467
[17.844674 0.009888] ;-7785;660;10742
[17.875687 0.031013] ;-4535;-315;11475
[17.904327 0.028640] ;-1515;-1187;11968
[17.934235 0.029907] ;1623;-2105;12317
[17.964121 0.029887] ;4697;-3005;12507
[17.974942 0.010821] ;5828;-3330;12537
[17.993632 0.018689] ;7611;-3850;12557
[18.003577 0.009945] ;8531;-4145;12521
[18.013671 0.010094] ;9428;-4415;12488
[18.024781 0.011110] ;10453;-4710;12405
[18.043447 0.018666] ;11988;-5170;12262
[18.053215 0.009768] ;12790;-5435;12151
[18.083410 0.030195] ;14991;-6137;11737
[18.113250 0.029841] ;16906;-6765;11232
[18.124097 0.010847] ;17572;-6972;10990
[18.142703 0.018606] ;18532;-7297;10638
[18.152705 0.010002] ;19017;-7440;10410
[18.182633 0.029927] ;20328;-7862;9717
[18.212381 0.029749] ;21403;-8187;8966
[18.223456 0.011075] ;21781;-8292;8705
[18.241878 0.018422] ;22277;-8452;8238
[18.251697 0.009819] ;22520;-8515;7991
[18.261708 0.010012] ;22753;-8567;7715
[18.273129 0.011421] ;23023;-8630;7402
[18.291521 0.018392] ;23333;-8715;6955
[18.301620 0.010098] ;23497;-8750;6685
[18.311363 0.009743] ;23658;-8787;6418
[18.322560 0.011197] ;23827;-8855;6118
[18.351403 0.028843] ;24141;-8917;5358
[18.381269 0.029866] ;24373;-8982;4656
[18.411131 0.029862] ;24536;-9017;3920
[18.421838 0.010707] ;24605;-8202;3612
[18.440390 0.018552] ;24623;-8147;3176
[18.500350 0.059960] ;24637;-8495;1822
[18.530112 0.029762] ;24566;-8925;1203
[18.559930 0.029818] ;24441;-8825;580
[18.570642 0.010712] ;24421;-8877;331
[18.599758 0.029116] ;24231;-8772;-271
[18.629630 0.029871] ;24008;-8680;-887
[18.639521 0.009892] ;23930;-8667;-1075
[18.659217 0.019696] ;23763;-8592;-1473
[18.688868 0.029651] ;23437;-8507;-2092
[18.698603 0.009735] ;23326;-8465;-2298
[18.708803 0.010200] ;23223;-8430;-2503
[18.720062 0.011258] ;23162;-8415;-2705
[18.738541 0.018480] ;22926;-8335;-3056
[18.748566 0.010025] ;22788;-8297;-3266
[18.758410 0.009845] ;22667;-8255;-3451
[18.769768 0.011357] ;22546;-8205;-3672
[18.798554 0.028787] ;22116;-8055;-4201
[18.828218 0.029664] ;21678;-7930;-4726
[18.847645 0.019427] ;21370;-7830;-5070
[18.857544 0.009899] ;21211;-7787;-5257
[18.887575 0.030031] ;20721;-7620;-5772
[18.897444 0.009869] ;20552;-7562;-5938
[18.907605 0.010161] ;20381;-7500;-6102
[18.918607 0.011002] ;20181;-7440;-6285
[18.937103 0.018496] ;19822;-7330;-6573
[18.947085 0.009982] ;19632;-7267;-6748
[18.957155 0.010070] ;19445;-7210;-6901
[18.968257 0.011102] ;19263;-7135;-7061
[18.986756 0.018499] ;18886;-7032;-7331
[19.002467 0.015710] ;18701;-6972;-7486
[19.006642 0.004175] ;18485;-6910;-7636
[19.017835 0.011193] ;18290;-6835;-7783
[19.036281 0.018446] ;17887;-6707;-8021
[19.046211 0.009929] ;17691;-6652;-8162
[19.056189 0.009978] ;17488;-6582;-8296
[19.067427 0.011238] ;17265;-6517;-8446
[19.086112 0.018684] ;16858;-6377;-8685
[19.095955 0.009844] ;16647;-6307;-8818
[19.106280 0.010324] ;16445;-6245;-8922
[19.117217 0.010937] ;16215;-6177;-9091
[19.135750 0.018533] ;15803;-6055;-9301
[19.145463 0.009712] ;15590;-5992;-9428
[19.155734 0.010272] ;15376;-5927;-9527
[19.166876 0.011142] ;15147;-5855;-9657
[19.195773 0.028897] ;14498;-5667;-9971
[19.225450 0.029678] ;13855;-5487;-10285
[19.245117 0.019667] ;13415;-5352;-10467
[19.254816 0.009699] ;13191;-5287;-10578
[19.266155 0.011338] ;12937;-5222;-10680
[19.284884 0.018730] ;12526;-5097;-10837
[19.294879 0.009995] ;12307;-5045;-10936
[19.304712 0.009833] ;12086;-4970;-11028
[19.316088 0.011376] ;11843;-4910;-11121
[19.334641 0.018553] ;11421;-4800;-11285
[19.344457 0.009815] ;11211;-4722;-11355
[19.374470 0.030014] ;10551;-4545;-11585
[19.394272 0.019801] ;10118;-4430;-11723
[19.403910 0.009639] ;9905;-4370;-11810
[19.415017 0.011106] ;9655;-4310;-11883
[19.444111 0.029094] ;9035;-4142;-12077
[19.473831 0.029721] ;8407;-3982;-12260
[19.493034 0.019203] ;7983;-3867;-12385
[19.502968 0.009934] ;7780;-3820;-12437
[19.533098 0.030129] ;7181;-3662;-12606
[19.542987 0.009890] ;6973;-3605;-12663
[19.573102 0.030115] ;6382;-3452;-12796
[19.602856 0.029754] ;5778;-3295;-12943
[19.614030 0.011174] ;5571;-3250;-13015
[19.632417 0.018387] ;5217;-3147;-13098
[19.642343 0.009926] ;5025;-3117;-13132
[19.652319 0.009976] ;4827;-3060;-13183
[19.663449 0.011129] ;4637;-3015;-13216
[19.682147 0.018698] ;4288;-2922;-13301
[19.691850 0.009703] ;4115;-2887;-13338
[19.702223 0.010373] ;3925;-2830;-13366
[19.713222 0.010999] ;3732;-2792;-13407
[19.731460 0.018238] ;3397;-2700;-13467
[19.741512 0.010053] ;3242;-2657;-13513
[19.751714 0.010201] ;3066;-2622;-13535
[19.762595 0.010881] ;2871;-2587;-13583
[19.781349 0.018755] ;2577;-2492;-13611
[19.791095 0.009746] ;2415;-2457;-13652
[19.801347 0.010252] ;2258;-2417;-13668
[19.812553 0.011206] ;2071;-2380;-13723
[19.831026 0.018473] ;1776;-2317;-13750
[19.841082 0.010056] ;1616;-2287;-13791
[19.850981 0.009899] ;1465;-2240;-13810
[19.862092 0.011111] ;1296;-2197;-13851
[19.880633 0.018541] ;1032;-2137;-13897
[19.890396 0.009763] ;890;-2107;-13916
[19.900491 0.010095] ;740;-2072;-13930
[19.911617 0.011126] ;580;-2030;-13962
[19.940196 0.028579] ;191;-1937;-14020
[19.970147 0.029951] ;-202;-1842;-14072
[19.999743 0.029596] ;-568;-1745;-14123
[20.010695 0.010952] ;-703;-1712;-14140
[20.039715 0.029021] ;-1038;-1635;-14195
