[1.465558 1.465558] ;1210;3852;-9026
[1.477259 0.011701] ;1203;3837;-9033
[1.487537 0.010278] ;1207;3842;-9031
[1.497417 0.009880] ;1217;3840;-9037
[1.527122 0.029705] ;1212;3842;-9017
[1.537194 0.010073] ;1210;3847;-9026
[1.568004 0.030809] ;1212;3842;-9028
[1.596885 0.028881] ;1210;3847;-9037
[1.646455 0.049570] ;1198;3842;-9033
[1.656065 0.009610] ;1198;3850;-9020
[1.667295 0.011230] ;1203;3845;-9017
[1.696005 0.028710] ;1212;3835;-9026
[1.705768 0.009763] ;1212;3840;-9026
[1.717175 0.011407] ;1210;3837;-9033
[1.735524 0.018349] ;1215;3847;-9028
[1.745425 0.009900] ;1220;3840;-9031
[1.755250 0.009825] ;1215;3832;-9026
[1.785323 0.030074] ;1215;3830;-9028
[1.795242 0.009919] ;1212;3840;-9040
[1.805336 0.010094] ;1203;3835;-9028
[1.816276 0.010940] ;1207;3850;-9026
[1.845064 0.028788] ;1196;3837;-9031
[1.854847 0.009783] ;1198;3835;-9023
[1.866204 0.011357] ;1212;3840;-9026
[1.884339 0.018135] ;1215;3847;-9020
[1.894392 0.010053] ;1210;3842;-9026
[1.904348 0.009956] ;1201;3845;-9042
[1.934315 0.029968] ;1212;3830;-9031
[1.944305 0.009990] ;1198;3840;-9042
[1.965657 0.021352] ;1212;3847;-9028
[1.983954 0.018297] ;1212;3830;-9026
[1.993773 0.009820] ;1220;3845;-9023
[2.023907 0.030134] ;1217;3857;-9017
[2.033735 0.009828] ;1203;3860;-9026
[2.064552 0.030817] ;1215;3842;-9026
[2.073635 0.009083] ;1215;3850;-9028
[2.103330 0.029695] ;1201;3847;-9015
[2.114180 0.010850] ;1212;3842;-9026
[2.132689 0.018509] ;1203;3845;-9031
[2.142589 0.009900] ;1196;3857;-9031
[2.152501 0.009912] ;1207;3845;-9037
[2.182437 0.029936] ;1222;3842;-9047
[2.192434 0.009997] ;1210;3835;-9037
[2.202351 0.009917] ;1215;3837;-9028
[2.213308 0.010957] ;1212;3842;-9033
[2.242312 0.029004] ;1212;3855;-9026
[2.252351 0.010039] ;1198;3850;-9037
[2.263255 0.010904] ;1210;3840;-9031
[2.281572 0.018317] ;1198;3832;-9026
[2.291556 0.009983] ;1203;3850;-9033
[2.301584 0.010028] ;1215;3842;-9017
[2.331570 0.029986] ;1210;3840;-9028
[2.341584 0.010014] ;1212;3847;-9040
[2.351363 0.009779] ;1212;3835;-9042
[2.362390 0.011027] ;1207;3837;-9028
[2.391385 0.028995] ;1210;3847;-9028
[2.440851 0.049466] ;1210;3850;-9017
[2.450598 0.009746] ;1217;3840;-9020
[2.480478 0.029880] ;1196;3845;-9033
[2.490433 0.009956] ;1207;3840;-9028
[2.520294 0.029861] ;1212;3850;-9028
[2.530007 0.009713] ;1220;3847;-9028
[2.561231 0.031224] ;1207;3845;-9033
[2.569864 0.008633] ;1215;3837;-9037
[2.619519 0.049654] ;1201;3832;-9017
[2.629354 0.009836] ;1207;3840;-9020
[2.639557 0.010203] ;1210;3850;-9026
[2.688958 0.049401] ;1217;3840;-9031
[2.698902 0.009944] ;1215;3845;-9017
[2.709862 0.010959] ;1212;3840;-9028
[2.778287 0.068425] ;1215;3835;-9045
[2.787905 0.009618] ;1225;3840;-9042
[2.798108 0.010202] ;1227;3837;-9042
[2.809203 0.011096] ;1217;3845;-9028
[2.877476 0.068273] ;1207;3835;-9020
[2.887387 0.009910] ;1210;3830;-9040
[2.897535 0.010149] ;1212;3837;-9010
[2.908509 0.010974] ;1212;3842;-9028
[2.937311 0.028802] ;1220;3837;-9033
[2.947387 0.010076] ;1215;3847;-9020
[2.958249 0.010862] ;1198;3842;-9037
[3.007944 0.049695] ;1212;3835;-9026
[3.016630 0.008686] ;1212;3842;-9023
[3.046670 0.030041] ;1207;3840;-9028
[3.057260 0.010589] ;1210;3845;-9028
[3.086404 0.029144] ;1210;3835;-9028
[3.116205 0.029801] ;1225;3845;-9031
[3.145808 0.029603] ;1212;3837;-9045
[3.156633 0.010825] ;1212;3840;-9026
[3.185574 0.028941] ;1222;3850;-9023
[3.215427 0.029853] ;1212;3847;-9026
[3.245111 0.029684] ;1212;3842;-9010
[3.255959 0.010847] ;1210;3835;-9023
[3.284985 0.029026] ;1201;3850;-9037
[3.294697 0.009712] ;1201;3855;-9033
[3.306093 0.011396] ;1215;3847;-9033
[3.324295 0.018201] ;1215;3835;-9015
[3.334413 0.010118] ;1215;3832;-9012
[3.344147 0.009734] ;1210;3840;-9023
[3.393855 0.049708] ;1210;3842;-9023
[3.433849 0.039994] ;1201;3850;-9017
[3.463737 0.029888] ;1215;3845;-9026
[3.473704 0.009967] ;1210;3827;-9020
[3.504600 0.030896] ;1215;3842;-9023
[3.533227 0.028627] ;1215;3837;-9026
[3.542984 0.009757] ;1207;3850;-9028
[3.554086 0.011102] ;1210;3840;-9028
[3.572461 0.018375] ;1222;3847;-9026
[3.582426 0.009964] ;1203;3850;-9031
[3.592433 0.010007] ;1217;3830;-9033
[3.603563 0.011130] ;1210;3842;-9026
[3.612522 0.008959] ;1215;3850;-9040
[3.661986 0.049465] ;1203;3827;-9037
[3.671773 0.009787] ;1215;3835;-9033
[3.682217 0.010444] ;1210;3837;-9033
[3.712043 0.029825] ;1210;3842;-9040
[3.721638 0.009595] ;1203;3850;-9045
[3.752784 0.031147] ;1217;3837;-9028
[3.781522 0.028738] ;1207;3847;-9028
[3.791404 0.009881] ;1220;3855;-9028
[3.802265 0.010862] ;1215;3842;-9028
[3.820808 0.018543] ;1217;3857;-9010
[3.830644 0.009836] ;1215;3850;-9028
[3.840793 0.010149] ;1212;3847;-9033
[3.870591 0.029798] ;1212;3835;-9020
[3.880718 0.010127] ;1217;3830;-9031
[3.890604 0.009886] ;1215;3837;-9023
[3.901515 0.010911] ;1215;3845;-9028
[3.930462 0.028947] ;1215;3842;-9037
[3.960216 0.029754] ;1210;3847;-9020
[3.989762 0.029546] ;1217;3835;-9026
[4.000959 0.011197] ;1210;3840;-9026
[4.029653 0.028694] ;1207;3842;-9026
[4.039492 0.009840] ;1217;3845;-9040
[4.050536 0.011044] ;1210;3840;-9031
[4.069210 0.018674] ;1212;3860;-9015
[4.078903 0.009692] ;1217;3852;-9017
[4.088901 0.009998] ;1225;3855;-9033
[4.118679 0.029778] ;1207;3845;-9031
[4.128879 0.010199] ;1210;3847;-9033
[4.138632 0.009753] ;1203;3845;-9033
[4.149913 0.011281] ;1210;3842;-9026
[4.178532 0.028619] ;1212;3855;-9028
[4.188370 0.009837] ;1210;3845;-9023
[4.199408 0.011038] ;1217;3840;-9033
[4.217849 0.018441] ;1210;3852;-9010
[4.227873 0.010024] ;1210;3842;-9015
[4.237768 0.009895] ;1212;3845;-9023
[4.267714 0.029946] ;1203;3852;-9026
[4.277642 0.009928] ;1210;3840;-9023
[4.287802 0.010160] ;1188;3842;-9031
[4.298761 0.010959] ;1207;3840;-9028
[4.327652 0.028891] ;1215;3847;-9026
[4.337538 0.009886] ;1215;3842;-9037
[4.348771 0.011233] ;1215;3845;-9031
[4.366976 0.018205] ;1203;3847;-9033
[4.426800 0.059825] ;1198;3840;-9026
[4.456713 0.029912] ;1203;3837;-9028
[4.486187 0.029475] ;1217;3840;-9033
[4.497270 0.011083] ;1212;3837;-9026
[4.506364 0.009094] ;1203;3842;-9033
[4.536166 0.029802] ;1203;3845;-9037
[4.547229 0.011063] ;1212;3835;-9028
[4.575861 0.028632] ;1210;3845;-9028
[4.625435 0.049574] ;1212;3847;-9028
[4.635108 0.009674] ;1212;3842;-9020
[4.646431 0.011323] ;1227;3837;-9026
[4.674932 0.028501] ;1210;3840;-9026
[4.685025 0.010094] ;1215;3842;-9028
[4.696158 0.011133] ;1210;3850;-9033
[4.714539 0.018381] ;1215;3847;-9020
[4.724398 0.009859] ;1212;3850;-9020
[4.734467 0.010069] ;1217;3837;-9028
[4.764224 0.029757] ;1203;3840;-9045
[4.774428 0.010204] ;1207;3842;-9042
[4.784111 0.009683] ;1207;3845;-9028
[4.795190 0.011078] ;1215;3835;-9023
[4.823931 0.028742] ;1201;3845;-9031
[4.833857 0.009926] ;1210;3835;-9031
[4.845208 0.011351] ;1217;3842;-9040
[4.863505 0.018296] ;1217;3840;-9012
[4.873264 0.009759] ;1215;3845;-9031
[4.895078 0.021814] ;1207;3852;-9028
[4.913025 0.017947] ;1215;3845;-9020
[4.923168 0.010143] ;1217;3840;-9026
[4.933068 0.009900] ;1210;3847;-9023
[4.944289 0.011221] ;1212;3842;-9028
[4.973041 0.028752] ;1212;3847;-9023
[5.002994 0.029953] ;1222;3837;-9037
[5.012767 0.009774] ;1212;3842;-9040
[5.043562 0.030795] ;1210;3845;-9026
[5.072296 0.028734] ;1210;3840;-9045
[5.102195 0.029899] ;1217;3832;-9017
[5.111765 0.009569] ;1222;3862;-9012
[5.142998 0.031233] ;1222;3840;-9026
[5.171688 0.028690] ;1217;3852;-9033
[5.181514 0.009826] ;1203;3860;-9028
[5.192672 0.011157] ;1210;3845;-9033
[5.210963 0.018292] ;1220;3847;-9031
[5.220872 0.009909] ;1207;3835;-9040
[5.230843 0.009971] ;1210;3842;-9042
[5.260807 0.029964] ;1215;3845;-9023
[5.270502 0.009695] ;1217;3847;-9033
[5.280833 0.010332] ;1231;3845;-9040
[5.291638 0.010805] ;1215;3850;-9037
[5.320678 0.029040] ;1207;3845;-9037
[5.330325 0.009648] ;1212;3847;-9045
[5.341543 0.011217] ;1212;3835;-9031
[5.359929 0.018387] ;1207;3847;-9028
[5.369717 0.009788] ;1212;3835;-9031
[5.379848 0.010131] ;1198;3840;-9042
[5.409646 0.029798] ;1215;3837;-9050
[5.469678 0.060032] ;1203;3847;-9037
[5.519135 0.049457] ;1222;3840;-9017
[5.528930 0.009795] ;1220;3852;-9023
[5.539882 0.010952] ;1215;3832;-9033
[5.568791 0.028909] ;1210;3850;-9033
[5.598699 0.029908] ;1207;3845;-9028
[5.628487 0.029788] ;1210;3842;-9028
[5.639313 0.010826] ;1212;3832;-9028
[5.668200 0.028886] ;1207;3845;-9026
[5.697930 0.029730] ;1201;3840;-9001
[5.707893 0.009964] ;1215;3850;-9023
[5.738611 0.030717] ;1212;3842;-9031
[5.767283 0.028673] ;1215;3847;-9042
[5.797217 0.029933] ;1207;3842;-9020
[5.807132 0.009916] ;1198;3847;-9026
[5.837964 0.030831] ;1212;3850;-9031
[5.866574 0.028610] ;1225;3845;-9031
[5.876650 0.010076] ;1225;3850;-9028
[5.887382 0.010732] ;1212;3842;-9031
[5.905891 0.018509] ;1210;3840;-9015
[5.915734 0.009844] ;1207;3822;-9012
[5.925870 0.010136] ;1217;3840;-9023
[5.955690 0.029820] ;1198;3827;-9026
[5.965866 0.010176] ;1198;3850;-9031
[5.975742 0.009876] ;1198;3845;-9033
[6.025402 0.049660] ;1217;3840;-9026
[6.055129 0.029727] ;1212;3842;-9028
[6.064936 0.009807] ;1207;3835;-9033
[6.075051 0.010115] ;1203;3837;-9023
[6.086031 0.010981] ;1207;3842;-9031
[6.115110 0.029079] ;1212;3857;-9028
[6.124751 0.009640] ;1220;3852;-9028
[6.136046 0.011295] ;1207;3832;-9031
[6.154176 0.018130] ;1217;3857;-9026
[6.164265 0.010089] ;1217;3840;-9028
[6.174227 0.009963] ;1212;3845;-9026
[6.204043 0.029816] ;1215;3832;-9023
[6.213955 0.009912] ;1212;3837;-9026
[6.243816 0.029861] ;1217;3847;-9026
[6.253907 0.010091] ;1217;3830;-9023
[6.263849 0.009942] ;1222;3835;-9028
[6.293637 0.029788] ;1198;3837;-9028
[6.303571 0.009934] ;1198;3852;-9031
[6.334579 0.031008] ;1212;3835;-9031
[6.363012 0.028433] ;1203;3840;-9023
[6.372960 0.009948] ;1207;3852;-9015
[6.384222 0.011261] ;1210;3837;-9023
[6.402513 0.018291] ;1215;3842;-9037
[6.412414 0.009901] ;1225;3850;-9015
[6.422482 0.010068] ;1207;3845;-9020
[6.452452 0.029970] ;1210;3835;-9031
[6.462275 0.009823] ;1217;3832;-9020
[6.472310 0.010036] ;1210;3842;-9031
[6.502195 0.029885] ;1201;3847;-9026
[6.512028 0.009833] ;1215;3837;-9037
[6.541772 0.029744] ;1222;3847;-9007
[6.551970 0.010198] ;1212;3850;-9028
[6.582696 0.030726] ;1207;3845;-9026
[6.611296 0.028600] ;1210;3837;-9026
[6.621323 0.010027] ;1215;3850;-9023
[6.632389 0.011066] ;1212;3845;-9037
[6.650793 0.018404] ;1203;3842;-9012
[6.660601 0.009808] ;1217;3847;-9012
[6.670510 0.009909] ;1215;3845;-9026
[6.700707 0.030197] ;1203;3832;-9037
[6.710360 0.009653] ;1215;3837;-9031
[6.720499 0.010139] ;1212;3842;-9026
[6.750309 0.029810] ;1215;3845;-9033
[6.760185 0.009875] ;1207;3847;-9026
[6.770005 0.009820] ;1217;3852;-9033
[6.781345 0.011341] ;1210;3847;-9028
[6.799585 0.018240] ;1212;3842;-9020
[6.809709 0.010124] ;1193;3840;-9023
[6.819619 0.009910] ;1203;3837;-9037
[6.880824 0.061204] ;1215;3845;-9033
[6.909363 0.028539] ;1215;3842;-9023
[6.939154 0.029792] ;1212;3840;-9026
[6.949087 0.009933] ;1212;3832;-9026
[6.979851 0.030764] ;1212;3842;-9023
[7.008578 0.028727] ;1212;3840;-9028
[7.018511 0.009934] ;1222;3857;-9028
[7.029464 0.010953] ;1220;3842;-9031
[7.047914 0.018450] ;1210;3835;-9037
[7.058045 0.010130] ;1201;3847;-9028
[7.068052 0.010007] ;1207;3852;-9037
[7.097715 0.029664] ;1210;3837;-9033
[7.107700 0.009985] ;1220;3845;-9042
[7.129122 0.021422] ;1207;3840;-9031
[7.147667 0.018545] ;1207;3837;-9037
[7.197109 0.049442] ;1210;3845;-9026
[7.206906 0.009797] ;1215;3842;-9028
[7.216835 0.009930] ;1227;3837;-9028
[7.227958 0.011123] ;1212;3845;-9031
[7.236824 0.008866] ;1212;3837;-9023
[7.266715 0.029891] ;1210;3847;-9037
[7.277577 0.010862] ;1203;3832;-9037
[7.296149 0.018572] ;1217;3860;-9031
[7.306176 0.010027] ;1193;3845;-9028
[7.316003 0.009827] ;1212;3832;-9040
[7.346082 0.030079] ;1210;3845;-9026
[7.355952 0.009870] ;1201;3837;-9031
[7.365913 0.009961] ;1217;3855;-9026
[7.376984 0.011071] ;1212;3842;-9033
[7.405751 0.028767] ;1203;3840;-9031
[7.415843 0.010093] ;1207;3850;-9023
[7.426565 0.010722] ;1203;3840;-9028
[7.445330 0.018765] ;1201;3855;-9028
[7.455217 0.009887] ;1207;3845;-9028
[7.465111 0.009894] ;1207;3840;-9040
[7.494833 0.029722] ;1198;3842;-9023
[7.504892 0.010059] ;1203;3835;-9033
[7.514834 0.009942] ;1212;3847;-9042
[7.525909 0.011075] ;1210;3840;-9026
[7.554694 0.028785] ;1207;3850;-9020
[7.564532 0.009838] ;1210;3845;-9026
[7.575821 0.011289] ;1203;3837;-9028
[7.594034 0.018214] ;1210;3855;-9026
[7.603954 0.009920] ;1217;3845;-9031
[7.633941 0.029987] ;1220;3847;-9033
[7.643629 0.009688] ;1220;3852;-9031
[7.654039 0.010409] ;1220;3845;-9037
[7.663872 0.009833] ;1203;3850;-9026
[7.674866 0.010994] ;1212;3847;-9028
[7.703607 0.028741] ;1210;3845;-9033
[7.733564 0.029957] ;1217;3840;-9028
[7.743500 0.009936] ;1217;3842;-9010
[7.774278 0.030778] ;1207;3845;-9023
[7.803061 0.028783] ;1225;3840;-9020
[7.812890 0.009829] ;1220;3850;-9028
[7.824023 0.011134] ;1207;3840;-9037
[7.842388 0.018365] ;1207;3842;-9012
[7.852272 0.009884] ;1217;3845;-9015
[7.862172 0.009900] ;1220;3847;-9020
[7.891987 0.029815] ;1220;3842;-9028
[7.901880 0.009893] ;1215;3825;-9045
[7.912335 0.010455] ;1210;3842;-9031
[7.923130 0.010795] ;1210;3840;-9026
[7.951901 0.028771] ;1220;3845;-9012
[7.961729 0.009828] ;1220;3852;-9017
[7.973006 0.011277] ;1212;3842;-9026
[7.991335 0.018329] ;1215;3850;-9023
[8.001013 0.009678] ;1203;3857;-9015
[8.011246 0.010234] ;1210;3837;-9026
[8.041031 0.029785] ;1203;3845;-9026
[8.051043 0.010012] ;1215;3837;-9050
[8.061116 0.010072] ;1210;3860;-9042
[8.071973 0.010857] ;1217;3840;-9023
[8.100907 0.028934] ;1212;3842;-9047
[8.130554 0.029647] ;1215;3840;-9015
[8.140605 0.010051] ;1215;3842;-9012
[8.171580 0.030974] ;1217;3840;-9026
[8.239770 0.068191] ;1212;3852;-9020
[8.249500 0.009730] ;1217;3842;-9033
[8.259742 0.010242] ;1203;3850;-9033
[8.270746 0.011003] ;1210;3845;-9023
[8.279471 0.008726] ;1210;3857;-9040
[8.309571 0.030100] ;1203;3850;-9040
[8.320316 0.010745] ;1215;3845;-9031
[8.339057 0.018741] ;1217;3847;-9020
[8.348615 0.009558] ;1222;3845;-9012
[8.358905 0.010290] ;1217;3840;-9037
[8.388520 0.029615] ;1203;3830;-9033
[8.398382 0.009862] ;1210;3827;-9037
[8.408417 0.010035] ;1212;3837;-9028
[8.419509 0.011091] ;1212;3840;-9031
[8.448419 0.028910] ;1220;3847;-9026
[8.458524 0.010105] ;1212;3850;-9020
[8.469468 0.010945] ;1215;3840;-9033
[8.487900 0.018432] ;1203;3850;-9012
[8.497566 0.009665] ;1203;3845;-9026
[8.507838 0.010273] ;1201;3852;-9028
[8.518794 0.010956] ;1212;3840;-9028
[8.527807 0.009013] ;1207;3850;-9023
[8.557672 0.029865] ;1212;3847;-9037
[8.568579 0.010908] ;1210;3840;-9026
[8.597190 0.028611] ;1215;3822;-9031
[8.607343 0.010153] ;1210;3817;-9037
[8.618558 0.011215] ;1203;3842;-9028
[8.636775 0.018216] ;1215;3847;-9023
[8.646504 0.009729] ;1215;3832;-9031
[8.657012 0.010509] ;1220;3847;-9017
[8.667633 0.010621] ;1215;3837;-9026
[8.676879 0.009246] ;1217;3835;-9028
[8.726409 0.049529] ;1207;3847;-9033
[8.736588 0.010179] ;1212;3850;-9026
[8.745985 0.009398] ;1203;3845;-9033
[8.775909 0.029924] ;1210;3832;-9015
[8.785856 0.009947] ;1210;3842;-9015
[8.817030 0.031173] ;1212;3837;-9023
[8.845560 0.028530] ;1215;3845;-9031
[8.875367 0.029807] ;1212;3852;-9015
[8.885353 0.009986] ;1210;3847;-9028
[8.915942 0.030589] ;1210;3845;-9026
[8.944920 0.028978] ;1188;3847;-9023
[8.974636 0.029716] ;1215;3842;-9028
[8.984602 0.009966] ;1212;3852;-9023
[9.015497 0.030896] ;1203;3845;-9028
[9.024309 0.008811] ;1212;3850;-9023
[9.054000 0.029691] ;1215;3852;-9017
[9.065129 0.011129] ;1215;3840;-9031
[9.093945 0.028816] ;1210;3847;-9040
[9.123445 0.029500] ;1217;3845;-9015
[9.133526 0.010081] ;1215;3850;-9010
[9.164540 0.031013] ;1212;3842;-9028
[9.193133 0.028593] ;1207;3855;-9017
[9.202990 0.009857] ;1210;3852;-9028
[9.214089 0.011099] ;1210;3842;-9037
[9.232524 0.018435] ;1222;3847;-9028
[9.242472 0.009948] ;1217;3850;-9012
[9.252516 0.010044] ;1203;3842;-9026
[9.302067 0.049551] ;1212;3857;-9017
[9.342296 0.040229] ;1186;3842;-9023
[9.371939 0.029643] ;1170;3850;-9026
[9.381801 0.009862] ;1165;3855;-9007
[9.412660 0.030860] ;1148;3870;-9023
[9.441430 0.028770] ;1112;3890;-9026
[9.451305 0.009875] ;1093;3895;-9033
[9.481033 0.029728] ;1062;3912;-9020
[9.511831 0.030798] ;988;3937;-9003
[9.520756 0.008925] ;951;3945;-9012
[9.530595 0.009839] ;930;3970;-9012
[9.561456 0.030862] ;806;4015;-8996
[9.570342 0.008885] ;763;4042;-8990
[9.580354 0.010013] ;730;4067;-8996
[9.611091 0.030737] ;532;4117;-8973
[9.619967 0.008876] ;468;4165;-8971
[9.649680 0.029713] ;233;4245;-8963
[9.660928 0.011248] ;131;4300;-8938
[9.669585 0.008656] ;55;4342;-8938
[9.679444 0.009860] ;-50;4382;-8920
[9.694464 0.015020] ;-141;4425;-8908
[9.719426 0.024962] ;-490;4562;-8883
[9.729208 0.009782] ;-623;4625;-8865
[9.739362 0.010154] ;-748;4685;-8851
[9.769311 0.029950] ;-1181;4857;-8788
[9.778944 0.009633] ;-1336;4935;-8761
[9.809889 0.030945] ;-1861;5160;-8712
[9.838545 0.028655] ;-2370;5395;-8655
[9.868393 0.029849] ;-2978;5660;-8541
[9.878310 0.009916] ;-3182;5762;-8511
[9.908938 0.030628] ;-3862;6085;-8388
[9.938135 0.029197] ;-4532;6390;-8252
[9.947763 0.009628] ;-4763;6510;-8208
[9.959128 0.011365] ;-5035;6637;-8160
[9.977624 0.018496] ;-5493;6860;-8042
[9.987081 0.009457] ;-5760;6975;-7982
[9.997308 0.010227] ;-6003;7100;-7931
[10.027037 0.029729] ;-6762;7482;-7712
[10.036865 0.009828] ;-7012;7615;-7636
[10.047132 0.010267] ;-7282;7742;-7557
[10.058169 0.011036] ;-7575;7877;-7467
[10.086842 0.028673] ;-8315;8247;-7208
[10.116554 0.029711] ;-9056;8627;-6906
[10.146406 0.029853] ;-9792;9010;-6576
[10.157480 0.011074] ;-10085;9140;-6432
[10.175901 0.018421] ;-10498;9375;-6213
[10.185984 0.010082] ;-10712;9477;-6083
[10.195943 0.009960] ;-10928;9575;-5957
[10.207038 0.011095] ;-11173;9682;-5797
[10.235919 0.028882] ;-11698;9932;-5377
[10.265763 0.029843] ;-12178;10142;-4917
[10.285515 0.019753] ;-12457;10247;-4585
[10.295336 0.009821] ;-12576;10287;-4437
[10.307003 0.011666] ;-12708;10337;-4236
[10.335353 0.028351] ;-12927;10365;-3723
[10.385185 0.049832] ;-13027;10190;-2765
[10.414667 0.029482] ;-12925;9920;-2168
[10.444651 0.029984] ;-12632;9542;-1552
[10.455677 0.011026] ;-12507;9342;-1301
[10.473926 0.018248] ;-12183;8995;-912
[10.483949 0.010023] ;-11998;8797;-705
[10.493908 0.009959] ;-11788;8560;-487
[10.504961 0.011053] ;-11540;8285;-258
[10.533556 0.028594] ;-10738;7505;353
[10.543702 0.010146] ;-10427;7192;566
[10.554672 0.010970] ;-10063;6830;795
[10.572943 0.018271] ;-9375;6172;1192
[10.582943 0.010000] ;-8987;5807;1381
[10.592724 0.009781] ;-8573;5422;1573
[10.603903 0.011179] ;-8105;4960;1781
[10.612992 0.009089] ;-7698;4612;1950
[10.642774 0.029782] ;-6266;3290;2506
[10.654045 0.011271] ;-5705;2750;2691
[10.682522 0.028476] ;-4152;1350;3138
[10.712273 0.029751] ;-2448;-202;3568
[10.722166 0.009893] ;-1852;-730;3705
[10.732324 0.010158] ;-1262;-1270;3843
[10.762130 0.029806] ;592;-2900;4173
[10.771990 0.009859] ;1203;-3455;4277
[10.802794 0.030805] ;3178;-5165;4546
[10.811734 0.008940] ;3727;-5632;4606
[10.841631 0.029896] ;5605;-7250;4800
[10.852486 0.010855] ;6325;-7835;4835
[10.870754 0.018268] ;7466;-8802;4882
[10.880829 0.010075] ;8062;-9302;4920
[10.890955 0.010126] ;8656;-9780;4917
[10.920802 0.029847] ;10358;-11172;4876
[10.931048 0.010246] ;10888;-11617;4848
[10.961167 0.030119] ;12418;-12820;4718
[10.980224 0.019057] ;13325;-13555;4573
[10.990424 0.010200] ;13738;-13867;4481
[11.001446 0.011022] ;14206;-14195;4386
[11.030395 0.028949] ;15197;-14925;4058
[11.079897 0.049502] ;16388;-15700;3363
[11.109813 0.029916] ;16763;-15865;2873
[11.129391 0.019578] ;16871;-15887;2522
[11.139412 0.010021] ;16890;-15825;2331
[11.150343 0.010931] ;16921;-15745;2143
[11.169040 0.018697] ;16800;-15550;1786
[11.179126 0.010086] ;16702;-15402;1587
[11.189111 0.009985] ;16590;-15240;1386
[11.200284 0.011173] ;16476;-15065;1176
[11.218753 0.018469] ;16112;-14637;792
[11.228926 0.010173] ;15908;-14382;601
[11.238900 0.009974] ;15661;-14075;395
[11.249927 0.011027] ;15385;-13785;173
[11.268527 0.018600] ;14805;-13130;-190
[11.278408 0.009881] ;14470;-12757;-397
[11.288581 0.010173] ;14113;-12360;-593
[11.299572 0.010992] ;13712;-11937;-811
[11.318021 0.018449] ;12918;-11132;-1173
[11.328040 0.010019] ;12492;-10662;-1356
[11.338248 0.010208] ;12033;-10182;-1547
[11.349612 0.011364] ;11535;-9657;-1753
[11.367747 0.018136] ;10612;-8712;-2088
[11.377692 0.009945] ;10101;-8192;-2245
[11.388041 0.010350] ;9591;-7652;-2427
[11.398931 0.010890] ;8987;-7065;-2601
[11.417149 0.018218] ;7970;-6047;-2896
[11.427329 0.010180] ;7427;-5487;-3051
[11.437113 0.009784] ;6867;-4932;-3201
[11.448251 0.011137] ;6216;-4327;-3370
[11.457326 0.009076] ;5728;-3842;-3490
[11.486933 0.029607] ;3993;-2177;-3912
[11.498102 0.011168] ;3327;-1540;-4058
[11.516263 0.018161] ;2248;-535;-4280
[11.525997 0.009735] ;1660;12;-4388
[11.536031 0.010034] ;1077;522;-4516
[11.576563 0.040532] ;-1243;2555;-4963
[11.606259 0.029696] ;-2936;3955;-5241
[11.615892 0.009633] ;-3492;4392;-5331
[11.646986 0.031094] ;-5196;5657;-5582
[11.675738 0.028752] ;-6662;6687;-5762
[11.705585 0.029846] ;-8115;7560;-5911
[11.715433 0.009848] ;-8587;7802;-5936
[11.746462 0.031029] ;-9940;8460;-6021
[11.775335 0.028873] ;-11005;8847;-6026
[11.804928 0.029594] ;-12031;9057;-5966
[11.834579 0.029650] ;-12868;9012;-5808
[11.845632 0.011054] ;-13167;8952;-5756
[11.864358 0.018726] ;-13541;8772;-5585
[11.874161 0.009803] ;-13723;8632;-5478
[11.884224 0.010062] ;-13892;8462;-5363
[11.895500 0.011277] ;-14068;8265;-5236
[11.913843 0.018343] ;-14253;7845;-4955
[11.923701 0.009858] ;-14322;7582;-4797
[11.933858 0.010157] ;-14356;7300;-4622
[11.945143 0.011285] ;-14393;6952;-4426
[11.963331 0.018189] ;-14337;6327;-4037
[11.973424 0.010093] ;-14282;5965;-3827
[11.983652 0.010228] ;-14201;5565;-3606
[11.994581 0.010928] ;-14108;5085;-3345
[12.023287 0.028707] ;-13607;3822;-2610
[12.053116 0.029829] ;-12890;2330;-1762
[12.083029 0.029913] ;-11903;725;-890
[12.093674 0.010645] ;-11482;107;-566
[12.122564 0.028889] ;-10227;-1507;266
[12.152267 0.029704] ;-8697;-3232;1122
[12.162097 0.009829] ;-8167;-3817;1391
[12.193068 0.030971] ;-6351;-5595;2192
[12.221732 0.028664] ;-4528;-7180;2841
[12.251482 0.029750] ;-2577;-8790;3400
[12.261482 0.010001] ;-1900;-9297;3573
[12.292395 0.030913] ;188;-10825;4012
[12.320986 0.028591] ;2045;-12090;4282
[12.351024 0.030038] ;3898;-13265;4460
[12.380929 0.029905] ;5573;-14265;4520
[12.391802 0.010872] ;6180;-14575;4511
[12.410286 0.018485] ;7057;-15047;4473
[12.420129 0.009843] ;7495;-15275;4437
[12.430439 0.010310] ;7903;-15462;4397
[12.441344 0.010905] ;8368;-15625;4323
[12.459700 0.018356] ;8970;-15850;4208
[12.470056 0.010355] ;9267;-15945;4102
[12.479855 0.009799] ;9528;-15995;4018
[12.491070 0.011215] ;9831;-16035;3898
[12.509579 0.018509] ;10177;-16002;3702
[12.519535 0.009956] ;10296;-15937;3563
[12.529596 0.010061] ;10408;-15855;3418
[12.540877 0.011281] ;10520;-15722;3266
[12.563689 0.022812] ;10546;-15430;2975
[12.569372 0.005683] ;10525;-15215;2808
[12.599527 0.030155] ;10282;-14450;2277
[12.618523 0.018996] ;9945;-13797;1878
[12.628939 0.010416] ;9723;-13430;1672
[12.658294 0.029356] ;8853;-12202;988
[12.668625 0.010330] ;8513;-11735;773
[12.678352 0.009727] ;8126;-11255;541
[12.689488 0.011137] ;7677;-10700;301
[12.718348 0.028860] ;6296;-9162;-337
[12.728331 0.009983] ;5757;-8600;-557
[12.739475 0.011143] ;5156;-7960;-803
[12.768130 0.028656] ;3435;-6245;-1383
[12.797774 0.029644] ;1471;-4412;-1912
[12.807804 0.010030] ;798;-3782;-2067
[12.838699 0.030895] ;-1412;-1842;-2481
[12.867015 0.028316] ;-3463;-87;-2751
[12.876953 0.009938] ;-4186;530;-2802
[12.888164 0.011211] ;-4982;1200;-2866
[12.916718 0.028554] ;-6968;2857;-2887
[12.926845 0.010127] ;-7643;3407;-2876
[12.937797 0.010952] ;-8390;4015;-2848
[12.956035 0.018238] ;-9543;4962;-2712
[12.966547 0.010512] ;-10135;5435;-2617
[12.976255 0.009709] ;-10707;5892;-2517
[12.987571 0.011316] ;-11350;6400;-2377
[13.016237 0.028666] ;-12690;7517;-1917
[13.046063 0.029826] ;-13852;8490;-1282
[13.065279 0.019216] ;-14413;8962;-770
[13.075487 0.010207] ;-14630;9157;-495
[13.105219 0.029732] ;-15081;9580;418
[13.114980 0.009761] ;-15142;9665;726
[13.125246 0.010266] ;-15142;9712;1078
[13.136441 0.011196] ;-15121;9735;1471
[13.145190 0.008749] ;-15045;9732;1786
[13.164787 0.019596] ;-14733;9622;2536
[13.174662 0.009876] ;-14506;9525;2912
[13.204595 0.029933] ;-13581;9060;4088
[13.214727 0.010132] ;-13180;8875;4497
[13.224730 0.010004] ;-12716;8645;4871
[13.235724 0.010993] ;-12162;8365;5342
[13.254253 0.018529] ;-11090;7847;6077
[13.264118 0.009865] ;-10443;7545;6470
[13.273941 0.009823] ;-9757;7225;6857
[13.285345 0.011404] ;-8963;6827;7273
[13.314070 0.028726] ;-6660;5770;8282
[13.324017 0.009947] ;-5790;5380;8608
[13.334852 0.010835] ;-4785;4920;8985
[13.353287 0.018435] ;-3010;4155;9546
[13.363265 0.009977] ;-2040;3730;9813
[13.373383 0.010118] ;-1027;3297;10093
[13.384238 0.010855] ;123;2802;10358
[13.393235 0.008997] ;1017;2420;10565
[13.423465 0.030230] ;4195;1097;11167
[13.434189 0.010724] ;5433;565;11331
[13.452645 0.018456] ;7432;-267;11595
[13.462712 0.010067] ;8497;-705;11703
[13.472702 0.009990] ;9578;-1147;11786
[13.484185 0.011483] ;10791;-1655;11832
[13.512917 0.028733] ;13700;-2892;11862
[13.542627 0.029710] ;16597;-4132;11687
[13.562102 0.019475] ;18361;-4910;11418
[13.572337 0.010235] ;19186;-5277;11243
[13.583352 0.011015] ;20136;-5717;10996
[13.601979 0.018627] ;21491;-6325;10535
[13.611966 0.009987] ;22166;-6650;10227
[13.621984 0.010018] ;22801;-6930;9925
[13.633047 0.011064] ;23526;-7242;9560
[13.651386 0.018338] ;24491;-7635;8883
[13.661558 0.010172] ;24963;-7850;8516
[13.671600 0.010043] ;25386;-8007;8102
[13.682740 0.011140] ;25841;-8197;7568
[13.701132 0.018391] ;26411;-8440;6745
[13.711626 0.010494] ;26682;-8542;6247
[13.721100 0.009475] ;26875;-8562;5745
[13.732186 0.011085] ;26791;-4727;5107
[13.761287 0.029101] ;27050;-4175;3612
[13.790929 0.029642] ;27017;-3665;1885
[13.820623 0.029693] ;26622;-3622;233
[13.831607 0.010984] ;26682;-6650;-465
[13.850132 0.018525] ;26156;-6515;-1497
[13.860111 0.009979] ;25823;-6412;-2072
[13.870265 0.010155] ;25451;-6312;-2653
[13.881393 0.011127] ;25082;-7812;-3342
[13.899535 0.018142] ;24165;-7452;-4353
[13.909674 0.010139] ;23630;-7222;-4878
[13.919632 0.009958] ;23052;-6992;-5393
[13.930760 0.011129] ;22398;-6777;-6045
[13.959877 0.029117] ;20391;-5982;-7451
[13.989475 0.029597] ;18005;-5115;-8765
[14.008852 0.019377] ;16236;-4480;-9535
[14.018992 0.010140] ;15316;-4150;-9900
[14.049069 0.030077] ;12407;-3167;-10892
[14.058836 0.009767] ;11392;-2835;-11178
[14.088755 0.029919] ;8226;-1857;-11946
[14.118697 0.029942] ;4996;-882;-12530
[14.129344 0.010648] ;3753;-527;-12747
[14.147876 0.018532] ;1683;52;-12987
[14.157572 0.009696] ;582;367;-13096
[14.168396 0.010824] ;-513;670;-13200
[14.197567 0.029171] ;-3775;1550;-13415
[14.207704 0.010137] ;-4840;1837;-13447
[14.217680 0.009977] ;-5897;2122;-13453
[14.228764 0.011084] ;-7081;2437;-13465
[14.247293 0.018528] ;-8970;2925;-13391
[14.257364 0.010072] ;-9942;3192;-13311
[14.267243 0.009879] ;-10902;3447;-13238
[14.278634 0.011391] ;-11972;3727;-13118
[14.297083 0.018449] ;-13621;4182;-12843
[14.306963 0.009880] ;-14461;4407;-12671
[14.336896 0.029933] ;-16800;5020;-12028
[14.356610 0.019714] ;-18190;5377;-11475
[14.366386 0.009776] ;-18828;5550;-11181
[14.377740 0.011354] ;-19563;5735;-10811
[14.396377 0.018637] ;-20545;5980;-10151
[14.406520 0.010143] ;-21025;6105;-9788
[14.416259 0.009739] ;-21491;6210;-9375
[14.427371 0.011112] ;-22002;6327;-8908
[14.445915 0.018543] ;-22653;6475;-8070
[14.455663 0.009748] ;-22957;6535;-7622
[14.465832 0.010169] ;-23226;6587;-7148
[14.477278 0.011446] ;-23513;6617;-6585
[14.505903 0.028625] ;-23943;6640;-5102
[14.535591 0.029688] ;-24110;6615;-3465
[14.565293 0.029702] ;-23962;6452;-1830
[14.576745 0.011452] ;-23846;6365;-1165
[14.594958 0.018213] ;-23482;6207;-146
[14.604776 0.009818] ;-23233;6102;425
[14.614729 0.009953] ;-22962;5995;961
[14.626031 0.011302] ;-22656;5812;1628
[14.654724 0.028693] ;-21528;5390;3173
[14.684418 0.029695] ;-20062;4777;4786
[14.714044 0.029626] ;-18247;4105;6241
[14.725339 0.011295] ;-17520;3827;6761
[14.743470 0.018131] ;-16131;3355;7576
[14.753856 0.010386] ;-15347;3095;7998
[14.763704 0.009848] ;-14532;2807;8412
[14.774728 0.011024] ;-13588;2477;8851
[14.803708 0.028980] ;-10986;1640;9853
[14.833235 0.029527] ;-8036;720;10747
[14.863126 0.029891] ;-4875;-207;11465
[14.874393 0.011268] ;-3656;-577;11673
[14.892507 0.018114] ;-1612;-1180;12003
[14.902386 0.009879] ;-485;-1502;12140
[14.912460 0.010074] ;630;-1832;12265
[14.923712 0.011252] ;1926;-2210;12368
[14.952668 0.028955] ;5130;-3155;12557
[14.982514 0.029846] ;8431;-4132;12543
[15.012451 0.029937] ;11556;-5095;12338
[15.023336 0.010885] ;12723;-5450;12188
[15.041874 0.018538] ;14496;-6005;11895
[15.051708 0.009835] ;15397;-6310;11701
[15.081900 0.030192] ;17918;-7102;10938
[15.101234 0.019334] ;19385;-7582;10298
[15.111259 0.010026] ;20053;-7785;9938
[15.122243 0.010983] ;20802;-8027;9492
[15.131378 0.009135] ;21285;-8165;9132
[15.161220 0.029842] ;22757;-8595;7758
[15.172489 0.011269] ;23236;-8755;7203
[15.190704 0.018215] ;23813;-8930;6243
[15.200633 0.009929] ;24080;-9000;5680
[15.210722 0.010089] ;24288;-9057;5113
[15.221859 0.011137] ;24521;-9055;4426
[15.240113 0.018254] ;24683;-9062;3347
[15.250232 0.010119] ;24713;-9060;2726
[15.260447 0.010215] ;24718;-9047;2121
[15.271644 0.011196] ;24683;-9017;1365
[15.289623 0.017980] ;24421;-8902;185
[15.299843 0.010220] ;24215;-8825;-448
[15.309879 0.010036] ;23975;-8165;-1100
[15.321048 0.011169] ;23690;-8622;-1901
[15.349835 0.028786] ;22553;-8207;-3742
[15.379757 0.029922] ;20932;-7680;-5666
[15.409513 0.029756] ;18836;-6980;-7481
[15.420530 0.011018] ;17923;-6722;-8123
[15.439137 0.018607] ;16257;-6187;-9130
[15.449234 0.010097] ;15305;-5910;-9650
[15.459085 0.009850] ;14311;-5600;-10151
[15.470401 0.011317] ;13141;-5272;-10687
[15.488808 0.018407] ;11068;-4682;-11475
[15.498836 0.010028] ;9905;-4360;-11870
[15.528594 0.029758] ;6251;-3407;-12906
[15.558396 0.029802] ;2403;-2437;-13690
[15.569398 0.011002] ;913;-2082;-13973
[15.587761 0.018363] ;-1528;-1485;-14295
[15.597924 0.010163] ;-2841;-1182;-14445
[15.607804 0.009881] ;-4152;-860;-14553
[15.618936 0.011132] ;-5645;-520;-14673
[15.647479 0.028543] ;-9241;335;-14775
[15.677423 0.029944] ;-12811;1182;-14633
[15.697406 0.019983] ;-15010;1715;-14377
[15.707169 0.009763] ;-16046;1960;-14205
[15.718266 0.011096] ;-17206;2232;-13990
[15.746990 0.028725] ;-19737;2857;-13208
[15.796625 0.049635] ;-23250;3627;-11268
[15.826396 0.029771] ;-24731;3957;-9802
[15.856415 0.030019] ;-25771;4062;-8160
[15.867431 0.011016] ;-26085;4127;-7530
[15.885591 0.018159] ;-26368;4095;-6451
[15.895607 0.010016] ;-26490;4062;-5865
[15.905827 0.010221] ;-26548;4010;-5260
[15.916956 0.011129] ;-26611;3952;-4527
[15.935318 0.018362] ;-26493;3797;-3402
[15.945988 0.010671] ;-26380;3692;-2781
[15.955536 0.009547] ;-26213;3562;-2178
[15.966556 0.011020] ;-26033;3340;-1388
[15.984997 0.018441] ;-25493;3032;-268
[15.994691 0.009694] ;-25172;2837;348
[16.004797 0.010105] ;-24790;2630;928
[16.034781 0.029985] ;-23437;1925;2742
[16.044588 0.009806] ;-22881;1657;3282
[16.054950 0.010362] ;-22287;1377;3825
[16.065887 0.010938] ;-21610;1005;4490
[16.084059 0.018172] ;-20286;432;5423
[16.094414 0.010355] ;-19545;110;5892
[16.104440 0.010027] ;-18753;-222;6333
[16.134193 0.029752] ;-16228;-1290;7552
[16.144064 0.009871] ;-15313;-1652;7903
[16.154350 0.010286] ;-14370;-2025;8260
[16.165211 0.010862] ;-13283;-2455;8617
[16.183617 0.018405] ;-11411;-3150;9170
[16.193905 0.010288] ;-10396;-3545;9412
[16.203639 0.009734] ;-9343;-3927;9638
[16.214653 0.011015] ;-8162;-4385;9871
[16.233278 0.018624] ;-6148;-5105;10213
[16.243129 0.009851] ;-5062;-5500;10355
[16.253328 0.010199] ;-3983;-5900;10491
[16.264620 0.011292] ;-2762;-6332;10606
[16.282738 0.018118] ;-730;-7045;10786
[16.292965 0.010227] ;333;-7432;10848
[16.302893 0.009928] ;1410;-7817;10881
[16.313910 0.011018] ;2598;-8245;10883
[16.342634 0.028724] ;5533;-9297;10851
[16.372653 0.030018] ;8431;-10305;10661
[16.402517 0.029865] ;11083;-11245;10290
[16.413864 0.011347] ;12051;-11555;10107
[16.432191 0.018327] ;13483;-12045;9753
[16.442224 0.010032] ;14203;-12287;9551
[16.491786 0.049562] ;17246;-13170;8203
[16.521850 0.030064] ;18582;-13440;7208
[16.541003 0.019152] ;19250;-13505;6456
[16.551229 0.010227] ;19523;-13502;6051
[16.562434 0.011205] ;19830;-13452;5590
[16.580931 0.018497] ;20117;-13355;4758
[16.590961 0.010029] ;20231;-13267;4273
[16.601108 0.010148] ;20296;-13162;3808
[16.612493 0.011385] ;20352;-13067;3280
[16.630990 0.018497] ;20257;-12785;2353
[16.640672 0.009682] ;20146;-12622;1832
[16.670395 0.029722] ;19616;-12042;258
[16.700384 0.029989] ;18612;-11262;-1386
[16.711603 0.011219] ;18163;-10995;-1996
[16.729876 0.018273] ;17208;-10415;-3018
[16.740323 0.010447] ;16640;-10085;-3555
[16.769876 0.029553] ;14712;-9055;-5135
[16.789499 0.019622] ;13167;-8317;-6123
[16.799412 0.009914] ;12331;-7942;-6608
[16.829040 0.029628] ;9641;-6832;-7913
[16.839145 0.010105] ;8661;-6450;-8317
[16.849071 0.009926] ;7658;-6077;-8701
[16.860112 0.011041] ;6503;-5665;-9123
[16.889044 0.028932] ;3382;-4605;-10040
[16.918642 0.029598] ;-22;-3562;-10818
[16.948504 0.029863] ;-3516;-2555;-11366
[16.959831 0.011327] ;-4853;-2182;-11537
[16.978327 0.018495] ;-6997;-1585;-11691
[16.988178 0.009851] ;-8141;-1287;-11747
[16.998098 0.009920] ;-9275;-977;-11767
[17.009424 0.011327] ;-10556;-652;-11767
[17.027880 0.018456] ;-12542;-127;-11647
[17.037782 0.009902] ;-13586;150;-11541
[17.047681 0.009899] ;-14582;417;-11396
[17.058809 0.011128] ;-15713;697;-11206
[17.077472 0.018663] ;-17391;1137;-10753
[17.087581 0.010109] ;-18245;1360;-10497
[17.097574 0.009993] ;-19057;1582;-10156
[17.108825 0.011251] ;-19962;1815;-9777
[17.127299 0.018474] ;-21215;2140;-9037
[17.136979 0.009680] ;-21842;2300;-8592
[17.147238 0.010259] ;-22406;2455;-8077
[17.158228 0.010990] ;-23031;2627;-7486
[17.176538 0.018311] ;-23830;2837;-6437
[17.186532 0.009993] ;-24201;2937;-5843
[17.196616 0.010085] ;-24528;3030;-5222
[17.207891 0.011275] ;-24858;3150;-4481
[17.226354 0.018463] ;-25201;3252;-3245
[17.236254 0.009900] ;-25315;3287;-2585
[17.246312 0.010058] ;-25386;3320;-1876
[17.257375 0.011063] ;-25448;3382;-1032
[17.286279 0.028904] ;-25185;3345;1065
[17.315986 0.029707] ;-24491;3207;3298
[17.345892 0.029906] ;-23297;2982;5508
[17.356887 0.010994] ;-22760;2887;6388
[17.375401 0.018514] ;-21620;2685;7682
[17.385322 0.009921] ;-20940;2560;8356
[17.395357 0.010035] ;-20220;2445;9026
[17.406582 0.011225] ;-19366;2270;9841
[17.424758 0.018176] ;-17707;1987;10996
[17.435032 0.010274] ;-16768;1827;11562
[17.445173 0.010140] ;-15770;1662;12107
[17.456462 0.011289] ;-14610;1477;12733
[17.474805 0.018343] ;-12502;1142;13625
[17.484599 0.009794] ;-11347;970;14058
[17.514457 0.029857] ;-7611;420;15202
[17.524237 0.009780] ;-6322;255;15535
[17.555348 0.031111] ;-2137;-332;16363
[17.564023 0.008675] ;-953;-487;16543
[17.593987 0.029964] ;3142;-1032;17025
[17.605061 0.011074] ;4695;-1255;17131
[17.623420 0.018358] ;7176;-1585;17243
[17.633681 0.010262] ;8483;-1772;17257
[17.643902 0.010221] ;9768;-1950;17253
[17.654607 0.010705] ;11235;-2172;17186
[17.673141 0.018534] ;13460;-2495;17017
[17.683556 0.010416] ;14625;-2675;16853
[17.693357 0.009800] ;15730;-2847;16671
[17.704691 0.011335] ;16977;-3037;16412
[17.723028 0.018336] ;18798;-3335;15906
[17.733395 0.010368] ;19732;-3490;15557
[17.763016 0.029621] ;22211;-3932;14311
[17.782721 0.019704] ;23582;-4165;13363
[17.792510 0.009789] ;24175;-4267;12821
[17.803718 0.011208] ;24850;-4425;12216
[17.822164 0.018446] ;25693;-4547;11148
[17.832405 0.010241] ;26087;-4630;10562
[17.842324 0.009918] ;26453;-4685;9941
[17.853333 0.011010] ;26822;-4837;9213
[17.872065 0.018731] ;27226;-4910;8045
[17.881820 0.009755] ;27397;-4942;7375
[17.891797 0.009977] ;27497;-4975;6737
[17.903031 0.011234] ;27611;-4987;5945
[17.921250 0.018219] ;27590;-4960;4705
[17.931422 0.010173] ;27532;-4947;4037
[17.941424 0.010002] ;27435;-4935;3351
[17.952505 0.011081] ;27307;-4902;2530
[17.981188 0.028683] ;26596;-4752;707
[18.011056 0.029867] ;25557;-4447;-1211
[18.040999 0.029944] ;24096;-4052;-2950
[18.052091 0.011092] ;23478;-3857;-3617
[18.070357 0.018265] ;22280;-3525;-4573
[18.080727 0.010370] ;21602;-3307;-5040
[18.090464 0.009737] ;20890;-3095;-5497
[18.101720 0.011256] ;20062;-2837;-5987
[18.120106 0.018386] ;18558;-2362;-6705
[18.130294 0.010189] ;17721;-2095;-7042
[18.140332 0.010038] ;16863;-1837;-7356
[18.151335 0.011003] ;15858;-1492;-7675
[18.169593 0.018257] ;14127;-937;-8123
[18.179854 0.010262] ;13196;-605;-8326
[18.189541 0.009687] ;12250;-282;-8502
[18.219370 0.029828] ;9346;742;-8913
[18.229165 0.009795] ;8376;1080;-9003
[18.239292 0.010128] ;7408;1437;-9047
[18.250469 0.011176] ;6293;1850;-9132
[18.261770 0.011302] ;5450;2157;-9153
[18.289095 0.027325] ;2631;3270;-9091
[18.300110 0.011015] ;1586;3697;-9063
[18.328780 0.028670] ;-917;4765;-8832
[18.358786 0.030006] ;-3385;5857;-8472
[18.368596 0.009810] ;-4147;6207;-8333
[18.399390 0.030794] ;-6372;7280;-7830
[18.428155 0.028765] ;-8122;8155;-7268
[18.438257 0.010102] ;-8673;8430;-7063
[18.449171 0.010914] ;-9293;8732;-6830
[18.467677 0.018506] ;-10140;9170;-6383
[18.477664 0.009987] ;-10572;9370;-6153
[18.487710 0.010045] ;-10950;9575;-5906
[18.499070 0.011360] ;-11397;9777;-5642
[18.517244 0.018174] ;-11960;10025;-5157
[18.527541 0.010298] ;-12200;10130;-4920
[18.537491 0.009949] ;-12423;10217;-4631
[18.548623 0.011132] ;-12640;10300;-4353
[18.567038 0.018415] ;-12868;10347;-3843
[18.577235 0.010197] ;-12961;10340;-3571
[18.607365 0.030131] ;-13056;10172;-2760
[18.626470 0.019104] ;-12932;9925;-2190
[18.636517 0.010047] ;-12830;9782;-1922
[18.647486 0.010970] ;-12697;9562;-1612
[18.676567 0.029081] ;-12120;8910;-825
[18.686259 0.009692] ;-11848;8625;-547
[18.697606 0.011347] ;-11553;8282;-247
[18.715675 0.018068] ;-10912;7647;245
[18.725606 0.009931] ;-10541;7290;506
[18.735821 0.010216] ;-10145;6892;751
[18.765564 0.029742] ;-8797;5617;1473
[18.775403 0.009839] ;-8295;5145;1702
[18.785345 0.009942] ;-7772;4675;1908
[18.796658 0.011314] ;-7192;4092;2171
[18.805348 0.008690] ;-6686;3652;2351
[18.835201 0.029853] ;-4922;2042;2931
[18.846520 0.011319] ;-4233;1390;3127
[18.864624 0.018104] ;-3031;325;3446
[18.874547 0.009923] ;-2391;-260;3606
[18.884376 0.009829] ;-1723;-857;3742
[18.924689 0.040313] ;1001;-3265;4252
[18.954430 0.029741] ;3066;-5080;4546
[18.984169 0.029739] ;5138;-6860;4758
[18.995198 0.011029] ;5928;-7497;4816
[19.023864 0.028667] ;7830;-9107;4901
[19.053776 0.029912] ;9736;-10672;4915
[19.083502 0.029725] ;11501;-12110;4805
[19.094965 0.011463] ;12138;-12575;4762
[19.113326 0.018361] ;13080;-13325;4622
[19.123331 0.010005] ;13541;-13695;4538
[19.153407 0.030077] ;14807;-14627;4225
[19.183127 0.029720] ;15787;-15332;3808
[19.194176 0.011050] ;16088;-15507;3628
[19.212501 0.018325] ;16457;-15690;3326
[19.222728 0.010227] ;16616;-15765;3141
[19.252658 0.029930] ;16887;-15847;2557
[19.272077 0.019419] ;16906;-15705;2157
[19.282078 0.010001] ;16871;-15615;1942
[19.293353 0.011275] ;16830;-15495;1700
[19.311866 0.018513] ;16576;-15152;1307
[19.321980 0.010114] ;16388;-14925;1067
[19.331910 0.009930] ;16176;-14655;855
[19.343172 0.011262] ;15967;-14375;587
[19.361536 0.018364] ;15390;-13740;168
[19.371543 0.010007] ;15052;-13367;-58
[19.381505 0.009963] ;14683;-12945;-293
[19.392909 0.011404] ;14280;-12500;-541
[19.421747 0.028838] ;12956;-11117;-1178
[19.470960 0.049214] ;10285;-8335;-2198
[19.500594 0.029634] ;8460;-6512;-2778
[19.510479 0.009885] ;7822;-5865;-2963
[19.541412 0.030933] ;5783;-3890;-3500
[19.570141 0.028729] ;3857;-2040;-3950
[19.580310 0.010169] ;3182;-1407;-4095
[19.590949 0.010639] ;2432;-692;-4257
[19.609383 0.018434] ;1167;452;-4506
[19.619376 0.009993] ;490;1045;-4631
[19.629599 0.010223] ;-176;1640;-4765
[19.669703 0.040104] ;-2815;3842;-5225
[19.699496 0.029793] ;-4692;5302;-5522
[19.741740 0.042244] ;-5322;5752;-5596
[19.744553 0.002813] ;-7155;6977;-5816
[19.768645 0.024092] ;-8687;7865;-5952
[19.778903 0.010258] ;-9191;8125;-5975
[19.789957 0.011054] ;-9742;8387;-6012
[19.808293 0.018336] ;-10553;8712;-6028
[19.818633 0.010340] ;-10988;8850;-6010
[19.828632 0.009999] ;-11385;8940;-5998
[19.839526 0.010894] ;-11835;9035;-5980
[19.868313 0.028787] ;-12758;9037;-5838
[19.898014 0.029701] ;-13533;8782;-5571
[19.927884 0.029870] ;-14050;8225;-5197
[19.938969 0.011085] ;-14208;7950;-5031
[19.957245 0.018276] ;-14332;7417;-4693
[19.967409 0.010164] ;-14363;7095;-4508
[19.977509 0.010101] ;-14380;6740;-4287
[19.988492 0.010982] ;-14356;6312;-4048
[20.006938 0.018446] ;-14201;5545;-3606
[20.017275 0.010337] ;-14068;5097;-3331
[20.027086 0.009811] ;-13926;4625;-3075
[20.038226 0.011140] ;-13745;4075;-2756
[20.056846 0.018620] ;-13293;3120;-2206
[20.066586 0.009740] ;-13013;2580;-1906
[20.076878 0.010292] ;-12708;2037;-1603
[20.088036 0.011158] ;-12338;1387;-1261
[20.116616 0.028580] ;-11190;-270;-370
[20.146156 0.029539] ;-9742;-2072;555
[20.155845 0.009690] ;-9217;-2670;852
[20.166065 0.010220] ;-8671;-3287;1146
[20.196144 0.030079] ;-6878;-5090;1966
[20.225597 0.029453] ;-4925;-6845;2705
[20.236639 0.011042] ;-4178;-7500;2945
[20.265491 0.028852] ;-2208;-9077;3487
[20.295130 0.029639] ;-115;-10617;3961
[20.325054 0.029923] ;1921;-12017;4280
[20.336145 0.011091] ;2660;-12492;4356
[20.354470 0.018326] ;3836;-13232;4460
[20.364517 0.010046] ;4431;-13610;4481
[20.374629 0.010112] ;5017;-13952;4500
[20.385841 0.011212] ;5676;-14315;4513
[20.414377 0.028537] ;7095;-15085;4453
[20.444172 0.029795] ;8378;-15662;4307
[20.463686 0.019514] ;9053;-15917;4176
[20.473627 0.009941] ;9360;-15990;4083
[20.503793 0.030166] ;10042;-16025;3751
[20.513975 0.010182] ;10211;-15992;3622
[20.543710 0.029735] ;10496;-15680;3208
[20.563027 0.019316] ;10520;-15332;2903
[20.573201 0.010174] ;10488;-15107;2718
[20.584225 0.011024] ;10425;-14832;2517
[20.613463 0.029238] ;10008;-13942;1956
[20.662628 0.049165] ;8647;-11945;885
[20.672334 0.009706] ;8281;-11475;680
[20.683645 0.011311] ;7846;-10937;411
[20.701902 0.018257] ;7012;-9965;-7
[20.722216 0.020314] ;6016;-8877;-446
[20.733313 0.011096] ;5417;-8262;-688
[20.762054 0.028741] ;3775;-6577;-1271
[20.791631 0.029577] ;1878;-4792;-1797
[20.801804 0.010173] ;1222;-4187;-1966
[20.832653 0.030849] ;-917;-2287;-2402
[20.861222 0.028569] ;-2918;-555;-2682
[20.870834 0.009611] ;-3608;27;-2748
[20.882045 0.011211] ;-4390;702;-2822
[20.890985 0.008940] ;-4980;1212;-2846
[20.920748 0.029763] ;-6983;2885;-2878
[20.931742 0.010995] ;-7743;3490;-2868
[20.950432 0.018690] ;-8882;4457;-2762
[20.960121 0.009689] ;-9493;4945;-2705
[20.970384 0.010263] ;-10071;5407;-2631
[20.981314 0.010931] ;-10717;5917;-2517
[21.010245 0.028931] ;-12128;7085;-2116
[21.039986 0.029741] ;-13381;8110;-1552
[21.069581 0.029594] ;-14298;8892;-860
[21.080819 0.011238] ;-14588;9132;-573
[21.109509 0.028690] ;-15005;9542;247
[21.139215 0.029706] ;-15116;9742;1228
[21.169168 0.029953] ;-14810;9662;2305
[21.180165 0.010997] ;-14622;9577;2751
[21.198531 0.018366] ;-14108;9345;3470
[21.208449 0.009917] ;-13771;9185;3860
[21.218497 0.010048] ;-13396;8997;4250
[21.229751 0.011254] ;-12930;8755;4705
[21.258490 0.028738] ;-11392;8020;5848
[21.288249 0.029759] ;-9438;7072;7010
[21.317905 0.029656] ;-7063;5967;8110
[21.328947 0.011042] ;-6092;5507;8495
[21.357624 0.028677] ;-3366;4325;9428
[21.387451 0.029828] ;-305;2980;10262
[21.397449 0.009998] ;780;2517;10511
[21.428486 0.031037] ;4273;1057;11162
[21.457115 0.028629] ;7501;-287;11581
[21.487005 0.029890] ;10910;-1722;11843
[21.517087 0.030081] ;14192;-3112;11843
[21.528069 0.010983] ;15416;-3642;11777
[21.546335 0.018266] ;17280;-4447;11585
[21.556510 0.010175] ;18235;-4860;11445
[21.586468 0.029958] ;20868;-6060;10756
[21.605783 0.019314] ;22411;-6752;10121
[21.616056 0.010274] ;23105;-7047;9747
[21.627076 0.011020] ;23872;-7377;9347
[21.655757 0.028680] ;25382;-7967;8127
[21.685479 0.029722] ;26513;-6857;6511
[21.715309 0.029831] ;27165;-6545;4808
[21.726292 0.010983] ;26965;-917;4058
[21.754900 0.028608] ;26993;-930;2310
[21.784813 0.029913] ;26677;-4802;255
[21.814914 0.030101] ;25760;-4695;-1772
[21.825827 0.010913] ;25650;-8042;-2601
[21.844349 0.018522] ;24663;-7650;-3827
[21.854249 0.009900] ;24056;-7397;-4490
[21.864321 0.010072] ;23392;-7110;-5137
[21.875335 0.011014] ;22612;-6820;-5890
[21.893866 0.018531] ;21072;-6207;-7007
[21.903614 0.009748] ;20167;-5875;-7603
[21.913796 0.010183] ;19216;-5497;-8148
[21.924991 0.011195] ;18078;-4895;-8756
[21.953951 0.028960] ;14860;-3817;-10093
[22.003448 0.049497] ;8455;-1902;-11903
[22.032983 0.029535] ;4255;-662;-12673
[22.062554 0.029571] ;-36;542;-13175
[22.073575 0.011022] ;-1700;980;-13331
[22.102733 0.029157] ;-5776;2072;-13472
[22.132447 0.029715] ;-9866;3165;-13336
[22.162483 0.030036] ;-13623;4157;-12826
[22.173308 0.010824] ;-14973;4505;-12587
[22.191809 0.018501] ;-16945;5022;-11992
[22.201985 0.010176] ;-17928;5292;-11611
[22.231911 0.029927] ;-20462;5935;-10246
[22.251283 0.019372] ;-21791;6252;-9100
[22.261495 0.010212] ;-22348;6355;-8500
[22.272334 0.010839] ;-22920;6485;-7715
[22.281381 0.009048] ;-23216;6545;-7127
[22.301041 0.019660] ;-23816;6615;-5658
[22.311010 0.009969] ;-23982;6622;-4901
[22.340484 0.029474] ;-24067;6487;-2522
[22.350695 0.010212] ;-23938;6405;-1740
[22.360676 0.009981] ;-23735;6280;-917
[22.371560 0.010884] ;-23476;5807;53
[22.400256 0.028696] ;-22173;5267;2356
[22.430345 0.030088] ;-20165;4790;4716
[22.460316 0.029971] ;-17462;3792;6795
[22.471025 0.010709] ;-16297;3367;7546
[22.489661 0.018636] ;-14118;2637;8645
[22.499434 0.009773] ;-12871;2232;9183
[22.509542 0.010108] ;-11568;1815;9680
[22.520696 0.011154] ;-10045;1327;10192
[22.538787 0.018091] ;-7380;522;10917
[22.548979 0.010192] ;-5902;82;11268
[22.558866 0.009887] ;-4400;-360;11565
[22.588657 0.029790] ;176;-1705;12255
[22.598651 0.009995] ;1721;-2150;12407
[22.608750 0.010098] ;3250;-2592;12502
[22.620279 0.011529] ;4985;-3095;12581
[22.638235 0.017956] ;7725;-3912;12608
[22.648318 0.010083] ;9165;-4327;12565
[22.658549 0.010231] ;10556;-4755;12467
[22.669626 0.011078] ;12138;-5242;12308
[22.688423 0.018797] ;14477;-5977;11920
[22.698441 0.010017] ;15661;-6357;11650
[22.708389 0.009948] ;16776;-6712;11336
[22.719602 0.011213] ;18026;-7102;10933
[22.737956 0.018353] ;19730;-7675;10132
[22.748115 0.010160] ;20573;-7920;9652
[22.777922 0.029807] ;22632;-8522;7968
[22.807637 0.029715] ;23967;-8895;5980
[22.818968 0.011331] ;24357;-8987;5151
[22.837111 0.018142] ;24668;-9070;3770
[22.847222 0.010112] ;24735;-9057;2985
[22.857295 0.010073] ;24731;-9025;2215
[22.868526 0.011231] ;24690;-7817;1252
[22.886896 0.018370] ;24315;-7682;-252
[22.896766 0.009870] ;24006;-7575;-1095
[22.906848 0.010082] ;23635;-7442;-1915
[22.917918 0.011070] ;23171;-8417;-2887
[22.936515 0.018597] ;22066;-8027;-4410
[22.946440 0.009924] ;21372;-7790;-5238
[22.956525 0.010085] ;20587;-7535;-6028
[22.967447 0.010922] ;19645;-7265;-6903
[22.996377 0.028930] ;16682;-6315;-8917
[23.026473 0.030095] ;12942;-5207;-10781
[23.045841 0.019368] ;10111;-4405;-11807
[23.055750 0.009909] ;8618;-4005;-12273
[23.066842 0.011091] ;6883;-3560;-12780
[23.095556 0.028714] ;2258;-2402;-13745
[23.125566 0.030010] ;-2715;-1205;-14445
[23.155325 0.029759] ;-7620;-42;-14731
[23.165956 0.010631] ;-9433;365;-14791
[23.195262 0.029306] ;-13688;1390;-14546
[23.244781 0.049519] ;-19908;2885;-13123
[23.274567 0.029786] ;-22710;3522;-11650
[23.293972 0.019405] ;-24127;3765;-10475
[23.303826 0.009854] ;-24726;3875;-9843
[23.315220 0.011395] ;-25341;4022;-9001
[23.343899 0.028679] ;-26256;4097;-6878
[23.373688 0.029788] ;-26591;3967;-4453
[23.403408 0.029720] ;-26178;3535;-2028
[23.414557 0.011149] ;-25892;3232;-991
[23.432643 0.018087] ;-25096;2772;527
[23.442717 0.010073] ;-24560;2517;1323
[23.452856 0.010139] ;-23943;2215;2127
[23.463909 0.011054] ;-23205;1750;3065
[23.492667 0.028758] ;-20742;662;5083
[23.522389 0.029721] ;-17560;-760;6985
[23.532520 0.010131] ;-16371;-1242;7513
[23.563394 0.030874] ;-12312;-2842;8931
[23.581854 0.018460] ;-9700;-3820;9578
[23.591621 0.009767] ;-8241;-4347;9860
[23.601849 0.010227] ;-6781;-4875;10113
[23.612836 0.010988] ;-5125;-5487;10355
[23.621898 0.009061] ;-3833;-5947;10505
[23.641360 0.019462] ;-880;-7017;10772
[23.651409 0.010049] ;563;-7520;10857
[23.681107 0.029698] ;4811;-9037;10876
[23.691442 0.010335] ;6153;-9515;10821
[23.701252 0.009810] ;7456;-9985;10721
[23.712403 0.011150] ;8911;-10482;10597
[23.730988 0.018585] ;11086;-11260;10278
[23.741503 0.010514] ;12183;-11637;10045
[23.770917 0.029414] ;15121;-12592;9222
[23.790353 0.019436] ;16708;-13057;8492
[23.800653 0.010300] ;17391;-13230;8088
[23.811715 0.011062] ;18121;-13372;7612
[23.830251 0.018537] ;19028;-13505;6705
[23.840110 0.009859] ;19418;-13515;6187
[23.850209 0.010098] ;19732;-13492;5638
[23.861461 0.011252] ;20022;-13422;4996
[23.880134 0.018673] ;20267;-13205;3852
[23.889965 0.009831] ;20293;-13067;3208
[23.919878 0.029913] ;19965;-12407;1225
[23.939309 0.019431] ;19340;-11822;-187
[23.949406 0.010097] ;18900;-11492;-910
[23.960609 0.011203] ;18375;-11150;-1710
[23.989239 0.028630] ;16428;-9947;-3753
[24.019337 0.030098] ;13707;-8580;-5783
[24.049007 0.029670] ;10348;-7112;-7585
[24.059964 0.010957] ;8932;-6572;-8203
[24.078205 0.018241] ;6448;-5632;-9110
[24.088196 0.009990] ;5051;-5155;-9555
[24.098171 0.009975] ;3617;-4665;-9952
[24.109410 0.011239] ;1956;-4157;-10398
[24.138446 0.029036] ;-2372;-2862;-11197
[24.168111 0.029666] ;-6957;-1602;-11671
[24.197910 0.029799] ;-11311;-427;-11687
[24.208905 0.010995] ;-12922;-7;-11608
[24.227257 0.018353] ;-15350;615;-11252
[24.237566 0.010309] ;-16560;945;-10976
[24.247414 0.009848] ;-17712;1240;-10620
[24.258523 0.011109] ;-18978;1587;-10195
[24.276917 0.018395] ;-20723;2037;-9287
[24.286983 0.010065] ;-21570;2262;-8740
[24.297107 0.010124] ;-22340;2452;-8105
[24.308318 0.011211] ;-23145;2685;-7331
[24.326606 0.018288] ;-24117;2947;-5941
[24.336590 0.009984] ;-24547;3047;-5160
[24.346806 0.010216] ;-24873;3147;-4342
[24.357788 0.010982] ;-25213;3260;-3277
[24.376028 0.018240] ;-25401;3327;-1658
[24.386071 0.010043] ;-25410;3322;-751
[24.407838 0.021767] ;-25175;3310;1328
[24.425957 0.018119] ;-24576;3200;3100
[24.435908 0.009950] ;-24148;3125;4053
[24.465778 0.029871] ;-22340;2770;6895
[24.495846 0.030068] ;-19696;2335;9488
[24.506751 0.010905] ;-18530;2110;10483
[24.525595 0.018845] ;-16281;1725;11857
[24.535246 0.009651] ;-14967;1522;12527
[24.545374 0.010128] ;-13591;1310;13167
[24.556554 0.011179] ;-11970;1047;13862
[24.574666 0.018112] ;-9051;642;14842
[24.584600 0.009934] ;-7403;410;15285
[24.594825 0.010225] ;-5740;177;15706
[24.605820 0.010995] ;-3838;-100;16080
[24.634724 0.028904] ;1153;-755;16848
[24.664764 0.030040] ;6382;-1470;17248
[24.694680 0.029916] ;11335;-2167;17200
[24.705553 0.010873] ;13135;-2432;17055
[24.723934 0.018381] ;15858;-2855;16660
[24.734175 0.010242] ;17208;-3055;16355
[24.764215 0.030039] ;20840;-3652;15077
[24.783453 0.019239] ;22796;-4015;13925
[24.793695 0.010241] ;23656;-4150;13268
[24.804719 0.011025] ;24578;-4320;12497
[24.823240 0.018520] ;25726;-4517;10470
[24.832962 0.009722] ;26230;-4617;9735
[24.843165 0.010203] ;26656;-4697;8971
[24.854363 0.011198] ;27088;-4865;8615
[24.872610 0.018247] ;27471;-4912;7045
[24.882884 0.010273] ;27585;-4940;6151
[24.892722 0.009839] ;27611;-4945;5257
[24.903888 0.011166] ;27606;-4962;4213
[24.932886 0.028998] ;27015;-4815;1765
[24.962388 0.029501] ;25767;-4505;-860
[24.992328 0.029941] ;23853;-3987;-3192
[25.003352 0.011024] ;23028;-3695;-4048
[25.021877 0.018525] ;21351;-3215;-5231
[25.031980 0.010103] ;20383;-2917;-5808
[25.041830 0.009850] ;19331;-2587;-6356
[25.053101 0.011272] ;18113;-2192;-6922
[25.071455 0.018353] ;15925;-1507;-7647
[25.081502 0.010047] ;14712;-1115;-8001
[25.091493 0.009991] ;13446;-682;-8282
[25.102316 0.010823] ;11998;-192;-8582
[25.131122 0.028805] ;8257;1145;-9007
[25.160834 0.029712] ;4345;2607;-9146
[25.170945 0.010111] ;3068;3107;-9130
[25.201477 0.030532] ;-748;4677;-8878
[25.210634 0.009156] ;-1726;5120;-8761
[25.240361 0.029728] ;-4903;6555;-8206
[25.251598 0.011237] ;-6013;7080;-7950
[25.269887 0.018289] ;-7632;7865;-7476
[25.279700 0.009813] ;-8413;8270;-7178
[25.289675 0.009975] ;-9148;8632;-6895
[25.319568 0.029893] ;-10983;9545;-5925
[25.329999 0.010431] ;-11471;9780;-5585
[25.359750 0.029752] ;-12561;10190;-4516
[25.389380 0.029629] ;-13025;10232;-3380
[25.400880 0.011500] ;-13098;10220;-2952
[25.418963 0.018083] ;-12951;9940;-2231
[25.429647 0.010684] ;-12797;9730;-1827
[25.458608 0.028960] ;-12007;8767;-675
[25.468766 0.010158] ;-11608;8362;-305
[25.499736 0.030970] ;-10050;6790;822
[25.508389 0.008653] ;-9505;6302;1113
[25.538347 0.029958] ;-7432;4332;2078
[25.549163 0.010816] ;-6562;3510;2418
[25.578216 0.029054] ;-4128;1302;3157
[25.607758 0.029542] ;-1400;-1150;3813
[25.637449 0.029691] ;1450;-3682;4331
[25.648874 0.011425] ;2567;-4637;4478
[25.677464 0.028590] ;5325;-7012;4772
[25.707054 0.029590] ;8117;-9357;4917
[25.737074 0.030020] ;10686;-11487;4865
[25.748109 0.011035] ;11613;-12180;4805
[25.766594 0.018485] ;12948;-13240;4642
[25.776906 0.010312] ;13607;-13737;4511
[25.806769 0.029863] ;15257;-14940;4058
[25.826015 0.019246] ;16046;-15487;3658
[25.836193 0.010178] ;16345;-15660;3430
[25.847365 0.011172] ;16618;-15775;3148
[25.876015 0.028650] ;16906;-15810;2391
[25.925492 0.049477] ;16291;-14800;950
[25.955411 0.029920] ;15223;-13557;40
[25.965457 0.010046] ;14748;-13035;-261
[25.985103 0.019645] ;13650;-11812;-846
[26.014744 0.029642] ;11680;-9757;-1688
[26.024998 0.010254] ;10950;-8985;-1972
[26.034889 0.009891] ;10177;-8197;-2247
[26.046232 0.011343] ;9286;-7355;-2538
[26.074690 0.028458] ;6881;-4970;-3217
[26.104456 0.029766] ;4255;-2412;-3862
[26.134091 0.029635] ;1595;82;-4432
[26.145069 0.010977] ;566;985;-4647
[26.153587 0.008518] ;-197;1660;-4778
[26.163885 0.010298] ;-1072;2417;-4933
[26.194624 0.030739] ;-3762;4590;-5391
[26.203721 0.009096] ;-4468;5137;-5495
[26.233361 0.029640] ;-6823;6757;-5786
[26.244446 0.011085] ;-7658;7292;-5881
[26.262705 0.018259] ;-8930;7995;-5961
[26.272810 0.010105] ;-9583;8302;-6015
[26.282827 0.010018] ;-10185;8550;-6026
[26.293924 0.011097] ;-10846;8795;-6037
[26.303001 0.009077] ;-11295;8925;-6028
[26.322367 0.019366] ;-12250;9042;-5936
[26.332494 0.010127] ;-12656;9025;-5868
[26.362536 0.030042] ;-13647;8670;-5522
[26.372396 0.009860] ;-13883;8462;-5350
[26.382458 0.010062] ;-14082;8187;-5187
[26.393713 0.011254] ;-14263;7822;-4955
[26.412215 0.018503] ;-14370;7085;-4495
[26.421953 0.009738] ;-14363;6632;-4222
[26.432337 0.010384] ;-14306;6142;-3922
[26.443216 0.010880] ;-14216;5517;-3576
[26.461660 0.018444] ;-13845;4412;-2928
[26.471485 0.009825] ;-13588;3777;-2563
[26.481875 0.010390] ;-13275;3117;-2198
[26.492859 0.010984] ;-12911;2340;-1767
[26.511381 0.018522] ;-12093;1000;-1037
[26.520944 0.009563] ;-11598;267;-658
[26.531375 0.010431] ;-11050;-470;-263
[26.560756 0.029381] ;-9170;-2727;868
[26.570595 0.009839] ;-8478;-3475;1217
[26.580747 0.010152] ;-7762;-4225;1568
[26.591976 0.011229] ;-6928;-5062;1966
[26.601212 0.009236] ;-6246;-5695;2220
[26.630479 0.029267] ;-3796;-7812;3051
[26.641574 0.011095] ;-2855;-8567;3340
[26.670410 0.028836] ;-440;-10385;3892
[26.700526 0.030117] ;2042;-12082;4287
[26.729876 0.029350] ;4297;-13527;4486
[26.741348 0.011472] ;5120;-13987;4513
[26.759391 0.018043] ;6308;-14660;4513
[26.769537 0.010147] ;6891;-14977;4490
[26.779447 0.009909] ;7456;-15250;4437
[26.790967 0.011520] ;8043;-15502;4370
[26.809185 0.018219] ;8851;-15820;4231
[26.819213 0.010028] ;9206;-15932;4127
[26.829327 0.010114] ;9552;-16007;4018
[26.840534 0.011207] ;9887;-16030;3868
[26.869106 0.028572] ;10391;-15850;3427
[26.898976 0.029870] ;10541;-15300;2890
[26.918286 0.019309] ;10391;-14722;2462
[26.928697 0.010411] ;10246;-14362;2211
[26.939844 0.011148] ;10032;-13950;1966
[26.958228 0.018384] ;9517;-13115;1478
[26.967975 0.009747] ;9162;-12612;1217
[26.978080 0.010104] ;8771;-12080;945
[26.989266 0.011186] ;8302;-11475;667
[27.018196 0.028930] ;6781;-9707;-100
[27.027819 0.009623] ;6180;-9045;-386
[27.038844 0.011025] ;5470;-8302;-672
[27.067641 0.028797] ;3458;-6265;-1383
[27.077455 0.009814] ;2700;-5527;-1603
[27.088619 0.011163] ;1808;-4727;-1830
[27.106969 0.018351] ;290;-3337;-2165
[27.116782 0.009813] ;-537;-2595;-2326
[27.126987 0.010205] ;-1367;-1852;-2467
[27.156516 0.029528] ;-3910;310;-2802
[27.166648 0.010132] ;-4751;1020;-2855
[27.176703 0.010056] ;-5581;1715;-2896
[27.187614 0.010910] ;-6515;2475;-2903
[27.216727 0.029114] ;-8727;4307;-2790
[27.226459 0.009732] ;-9467;4897;-2718
[27.237671 0.011213] ;-10272;5550;-2612
[27.256251 0.018579] ;-11458;6525;-2317
[27.266377 0.010127] ;-12041;6992;-2151
[27.276312 0.009935] ;-12568;7442;-1950
[27.287372 0.011060] ;-13158;7702;-1705
[27.305704 0.018332] ;-13902;8305;-1203
[27.315607 0.009903] ;-14256;8582;-922
[27.325715 0.010108] ;-14538;8802;-607
[27.336823 0.011108] ;-14838;9335;-225
[27.345374 0.008551] ;-14960;9460;56
[27.375368 0.029994] ;-15136;9702;1233
[27.386497 0.011130] ;-15071;9725;1705
[27.404890 0.018392] ;-14727;9615;2536
[27.414890 0.010001] ;-14451;9490;2993
[27.425038 0.010148] ;-14121;9330;3446
[27.435967 0.010929] ;-13700;9120;3982
[27.464900 0.028933] ;-12143;8360;5340
[27.494693 0.029793] ;-9950;7307;6735
[27.524405 0.029712] ;-7221;6040;8058
[27.535227 0.010822] ;-6080;5502;8518
[27.553770 0.018543] ;-4026;4595;9230
[27.563607 0.009837] ;-2860;4077;9581
[27.573714 0.010107] ;-1668;3572;9911
[27.603529 0.029815] ;2103;1962;10786
[27.613505 0.009975] ;3418;1412;11026
[27.623608 0.010103] ;4742;870;11236
[27.634722 0.011114] ;6240;237;11448
[27.663703 0.028981] ;10008;-1340;11802
[27.713121 0.049417] ;16238;-3995;11703
[27.743087 0.029966] ;19547;-5455;11142
[27.762358 0.019271] ;21441;-6297;10560
[27.772592 0.010234] ;22306;-6655;10167
[27.783685 0.011093] ;23252;-7085;9731
[27.812680 0.028996] ;25106;-7855;8382
[27.842480 0.029800] ;26490;-7577;6622
[27.871891 0.029411] ;27223;-7775;4675
[27.883179 0.011288] ;27015;-845;3811
[27.901269 0.018090] ;27015;-617;2538
[27.911291 0.010022] ;26941;-615;1776
[27.932815 0.021524] ;26931;-7430;100
[27.951485 0.018670] ;26303;-7240;-1282
[27.961217 0.009732] ;25876;-7112;-2023
[27.971447 0.010231] ;25380;-6957;-2786
[27.982791 0.011343] ;24806;-7655;-3762
[28.000849 0.018058] ;23476;-7112;-5091
[28.010961 0.010112] ;22680;-6777;-5783
[28.020958 0.009997] ;21802;-6462;-6492
[28.032160 0.011203] ;20747;-6080;-7287
[28.050623 0.018463] ;18741;-5335;-8407
[28.060634 0.010011] ;17588;-4905;-8980
[28.070726 0.010092] ;16355;-4475;-9513
[28.081856 0.011130] ;14928;-3992;-10105
[28.100297 0.018441] ;12378;-3127;-10925
[28.110442 0.010144] ;10957;-2672;-11308
[28.120269 0.009827] ;9510;-2202;-11663
[28.131517 0.011249] ;7830;-1717;-12072
[28.149818 0.018301] ;4987;-877;-12565
[28.159827 0.010009] ;3451;-440;-12791
[28.169719 0.009892] ;1885;17;-12992
[28.181096 0.011378] ;110;492;-13192
[28.189948 0.008852] ;-1238;857;-13281
[28.219829 0.029881] ;-5813;2082;-13453
[28.230520 0.010692] ;-7516;2535;-13475
[28.249397 0.018877] ;-10151;3240;-13317
[28.259412 0.010015] ;-11513;3605;-13178
[28.289011 0.029599] ;-15287;4587;-12488
[28.319196 0.030185] ;-18448;5402;-11377
[28.330165 0.010970] ;-19508;5705;-10857
[28.348710 0.018544] ;-20925;6070;-9857
[28.358574 0.009864] ;-21588;6232;-9262
[28.388353 0.029779] ;-23141;6552;-7263
[28.418534 0.030181] ;-23946;6637;-5015
[28.430234 0.011700] ;-24103;6630;-4105
[28.447829 0.017595] ;-24065;6512;-2596
[28.457706 0.009877] ;-23930;6420;-1776
[28.467911 0.010206] ;-23732;6297;-966
[28.478444 0.010533] ;-23476;6160;-10
[28.487580 0.009135] ;-23128;6027;680
[28.517800 0.030220] ;-21593;5402;3072
[28.528500 0.010700] ;-20877;5072;4015
[28.546830 0.018330] ;-19382;4507;5391
[28.556883 0.010054] ;-18491;4200;6088
[28.566940 0.010056] ;-17528;3835;6751
[28.577955 0.011015] ;-16365;3412;7486
[28.606884 0.028929] ;-12982;2277;9107
[28.636600 0.029715] ;-9008;1027;10481
[28.655964 0.019364] ;-6142;155;11216
[28.666093 0.010129] ;-4666;-282;11525
[28.695919 0.029826] ;-173;-1597;12178
[28.705837 0.009918] ;1336;-2032;12341
[28.716044 0.010208] ;2826;-2472;12458
[28.727222 0.011178] ;4516;-2972;12551
[28.755872 0.028650] ;8635;-4200;12560
[28.785652 0.029780] ;12637;-5410;12227
[28.805381 0.019729] ;15015;-6177;11793
[28.815383 0.010003] ;16131;-6555;11521
[28.826442 0.011058] ;17375;-6910;11140
[28.845101 0.018659] ;19121;-7490;10435
[28.854882 0.009781] ;19953;-7757;10003
[28.865008 0.010127] ;20737;-7987;9532
[28.876042 0.011034] ;21588;-8250;8950
[28.894598 0.018557] ;22665;-8572;7897
[28.904730 0.010131] ;23160;-8722;7293
[28.914666 0.009936] ;23587;-8820;6675
[28.925840 0.011174] ;24022;-8940;5898
[28.944161 0.018322] ;24471;-9025;4612
[28.954264 0.010103] ;24613;-9032;3898
[28.964163 0.009899] ;24702;-9050;3195
[28.975508 0.011345] ;24761;-9040;2298
[29.004223 0.028714] ;24426;-8880;165
[29.034129 0.029907] ;23556;-8555;-2181
[29.063953 0.029824] ;22023;-8000;-4435
[29.074846 0.010893] ;21325;-7792;-5331
[29.093361 0.018515] ;19888;-7302;-6663
[29.103305 0.009944] ;19028;-7035;-7366
[29.113423 0.010118] ;18111;-6750;-8031
[29.124544 0.011121] ;17008;-6412;-8745
[29.143018 0.018475] ;14947;-5790;-9843
[29.152967 0.009949] ;13786;-5445;-10396
[29.163169 0.010202] ;12555;-5085;-10927
[29.174179 0.011010] ;11118;-4695;-11495
[29.192700 0.018521] ;8595;-4020;-12290
[29.202581 0.009881] ;7195;-3645;-12673
[29.232568 0.029987] ;2828;-2552;-13660
[29.262476 0.029908] ;-1655;-1477;-14298
[29.273405 0.010928] ;-3377;-1067;-14518
[29.291767 0.018363] ;-6130;-402;-14685
[29.301574 0.009807] ;-7577;-67;-14747
[29.311582 0.010008] ;-8993;270;-14758
[29.322851 0.011269] ;-10598;640;-14766
[29.351544 0.028693] ;-14325;1540;-14470
[29.381323 0.029778] ;-17786;2377;-13823
[29.401184 0.019861] ;-19777;2852;-13195
[29.411201 0.010017] ;-20668;3045;-12800
[29.422226 0.011025] ;-21660;3290;-12325
[29.440758 0.018532] ;-23005;3572;-11472
[29.450832 0.010075] ;-23630;3712;-10941
[29.460836 0.010004] ;-24196;3800;-10398
[29.471955 0.011119] ;-24818;3955;-9731
[29.490596 0.018641] ;-25546;4050;-8625
[29.500443 0.009848] ;-25871;4085;-7980
[29.510588 0.010144] ;-26126;4115;-7326
[29.521722 0.011134] ;-26377;4107;-6557
[29.540121 0.018399] ;-26548;4022;-5328
[29.550043 0.009922] ;-26570;3942;-4640
[29.559958 0.009915] ;-26548;3860;-3980
[29.571206 0.011248] ;-26493;3717;-3111
[29.589639 0.018432] ;-26140;3460;-1862
[29.599683 0.010044] ;-25895;3292;-1181
[29.609822 0.010140] ;-25575;3112;-511
[29.620667 0.010844] ;-25225;2812;383
[29.649252 0.028586] ;-23832;2140;2257
[29.679131 0.029879] ;-21978;1202;4155
[29.709184 0.030053] ;-19645;185;5802
[29.725766 0.016582] ;-18701;-277;6386
[29.738409 0.012642] ;-16927;-997;7236
[29.748427 0.010019] ;-15960;-1392;7655
[29.758482 0.010055] ;-14938;-1802;8050
[29.769828 0.011346] ;-13781;-2272;8478
[29.798475 0.028647] ;-10601;-3460;9361
[29.828375 0.029900] ;-7150;-4747;10042
[29.858039 0.029664] ;-3635;-6020;10527
[29.868945 0.010906] ;-2325;-6480;10650
[29.887417 0.018472] ;-165;-7247;10805
[29.897317 0.009900] ;985;-7657;10848
[29.907568 0.010251] ;2106;-8067;10883
[29.918669 0.011101] ;3380;-8512;10895
[29.947399 0.028730] ;6430;-9600;10811
[29.977323 0.029924] ;9420;-10645;10538
[29.996973 0.019650] ;11235;-11282;10278
[30.006931 0.009958] ;12093;-11572;10102
[30.018063 0.011132] ;13032;-11875;9881
[30.036812 0.018749] ;14425;-12360;9486
[30.046585 0.009774] ;15126;-12572;9227
[30.076554 0.029969] ;16956;-13102;8386
[30.096283 0.019729] ;17952;-13350;7745
[30.106392 0.010109] ;18382;-13407;7377
[30.117266 0.010874] ;18857;-13445;6963
[30.146118 0.028851] ;19680;-13455;5797
[30.195891 0.049773] ;20323;-12115;3478
[30.225670 0.029779] ;20188;-12660;1982
[30.244746 0.019076] ;19848;-12272;890
[30.255063 0.010317] ;19627;-12042;361
[30.284877 0.029814] ;18660;-11327;-1317
[30.295026 0.010149] ;18251;-11035;-1873
[30.324737 0.029711] ;16676;-10107;-3530
[30.344469 0.019732] ;15395;-9407;-4615
[30.354383 0.009914] ;14670;-9042;-5143
[30.384359 0.029976] ;12281;-7935;-6633
[30.394199 0.009840] ;11392;-7540;-7091
[30.424142 0.029943] ;8528;-6405;-8375
[30.433958 0.009816] ;7506;-6017;-8753
[30.465097 0.031139] ;4143;-4862;-9835
[30.493712 0.028615] ;925;-3835;-10611
[30.523406 0.029694] ;-2565;-2810;-11213
[30.553512 0.030106] ;-6027;-1835;-11592
[30.564193 0.010681] ;-7326;-1497;-11701
[30.582961 0.018768] ;-9383;-945;-11745
[30.592736 0.009775] ;-10472;-657;-11747
[30.602730 0.009995] ;-11525;-385;-11701
[30.614172 0.011441] ;-12732;-62;-11627
[30.632094 0.017923] ;-14570;410;-11368
[30.642230 0.010136] ;-15503;650;-11213
[30.652229 0.009999] ;-16412;890;-11010
[30.663446 0.011217] ;-17420;1165;-10745
[30.682081 0.018635] ;-18883;1552;-10208
[30.691877 0.009796] ;-19630;1745;-9895
[30.701810 0.009933] ;-20326;1915;-9535
[30.713181 0.011370] ;-21098;2127;-9091
[30.731460 0.018279] ;-22142;2405;-8262
[30.741489 0.010030] ;-22658;2557;-7805
[30.751618 0.010129] ;-23145;2680;-7293
[30.762643 0.011025] ;-23656;2825;-6702
[30.791435 0.028792] ;-24590;3077;-5118
[30.821454 0.030020] ;-25201;3252;-3238
[30.840604 0.019150] ;-25382;3297;-1996
[30.850596 0.009992] ;-25403;3317;-1347
[30.880477 0.029881] ;-25261;3330;656
[30.890327 0.009851] ;-25132;3300;1315
[30.900497 0.010170] ;-24940;3267;2002
[30.911701 0.011204] ;-24711;3222;2836
[30.930056 0.018354] ;-24138;3145;4048
[30.940042 0.009986] ;-23787;3080;4698
[30.950195 0.010153] ;-23395;3007;5356
[30.961498 0.011303] ;-22931;2907;6170
[30.989915 0.028418] ;-21396;2642;7922
[31.019989 0.030074] ;-19435;2302;9758
[31.049729 0.029740] ;-17117;1887;11358
[31.060679 0.010950] ;-16162;1712;11936
[31.079285 0.018606] ;-14453;1442;12772
[31.089216 0.009931] ;-13510;1297;13202
[31.119184 0.029968] ;-10456;842;14368
[31.138372 0.019188] ;-8305;532;15028
[31.148582 0.010210] ;-7197;367;15327
[31.178117 0.029534] ;-3806;-110;16088
[31.188291 0.010175] ;-2643;-265;16292
[31.198191 0.009900] ;-1467;-430;16480
[31.209210 0.011019] ;-141;-597;16660
[31.218180 0.008970] ;856;-735;16786
[31.228352 0.010172] ;2027;-887;16916
[31.258991 0.030639] ;5657;-1382;17191
[31.287976 0.028985] ;8842;-1817;17265
[31.317895 0.029919] ;12036;-2287;17147
[31.347675 0.029781] ;14986;-2727;16798
[31.358564 0.010888] ;16060;-2885;16613
[31.377219 0.018656] ;17650;-3130;16230
[31.387191 0.009972] ;18480;-3257;16006
[31.417288 0.030096] ;20742;-3650;15112
[31.436512 0.019224] ;22047;-3892;14401
[31.446792 0.010280] ;22638;-4000;14012
[31.457878 0.011087] ;23323;-4122;13546
[31.486465 0.028586] ;24711;-4355;12350
[31.536254 0.049789] ;26461;-4677;9652
[31.565900 0.029646] ;27117;-4877;8437
[31.595803 0.029904] ;27490;-4942;6871
[31.607108 0.011305] ;27597;-4960;6192
[31.625336 0.018228] ;27597;-4967;5217
[31.635398 0.010062] ;27592;-4955;4668
[31.656839 0.021441] ;27485;-4960;3440
[31.675248 0.018409] ;27223;-4892;2465
[31.685304 0.010056] ;27073;-4852;1938
[31.734795 0.049491] ;25936;-4565;-571
[31.744655 0.009860] ;25620;-4482;-1065
[31.755804 0.011149] ;25258;-4355;-1663
[31.774441 0.018638] ;24523;-4155;-2490
[31.784463 0.010022] ;24103;-4047;-2925
[31.794351 0.009887] ;23671;-3932;-3340
[31.805597 0.011246] ;23186;-3780;-3852
[31.824059 0.018462] ;22242;-3510;-4582
[31.834025 0.009965] ;21731;-3360;-4958
[31.844151 0.010126] ;21193;-3185;-5326
[31.855213 0.011062] ;20566;-2987;-5712
[31.873495 0.018282] ;19435;-2657;-6277
[31.883649 0.010153] ;18817;-2460;-6566
[31.893573 0.009924] ;18182;-2257;-6848
[31.904716 0.011143] ;17475;-2015;-7130
[31.923118 0.018403] ;16212;-1627;-7541
[31.933174 0.010056] ;15532;-1397;-7751
[31.943421 0.010247] ;14841;-1172;-7938
[31.954220 0.010799] ;14063;-910;-8143
[31.983224 0.029004] ;12015;-205;-8548
[32.012511 0.029287] ;9842;540;-8846
[32.022446 0.009935] ;9125;820;-8925
[32.032682 0.010236] ;8407;1077;-8996
[32.062510 0.029828] ;6243;1870;-9107
[32.092294 0.029784] ;4147;2667;-9132
[32.103215 0.010921] ;3358;2975;-9130
[32.131948 0.028733] ;1433;3772;-9045
[32.161622 0.029675] ;-476;4565;-8890
[32.171495 0.009873] ;-1082;4827;-8807
[32.202499 0.031003] ;-2945;5652;-8565
[32.231384 0.028886] ;-4521;6382;-8280
[32.240949 0.009564] ;-5038;6622;-8170
[32.252133 0.011184] ;-5610;6895;-8040
[32.270623 0.018491] ;-6491;7325;-7791
[32.280441 0.009818] ;-6941;7545;-7661
[32.290522 0.010081] ;-7390;7757;-7530
[32.320366 0.029845] ;-8600;8335;-7107
[32.330485 0.010118] ;-8993;8515;-6971
[32.340312 0.009827] ;-9341;8692;-6813
[32.351288 0.010976] ;-9742;8947;-6638
[32.380362 0.029073] ;-10603;9387;-6176
[32.410199 0.029838] ;-11373;9760;-5672
[32.429759 0.019560] ;-11801;9952;-5326
[32.439444 0.009685] ;-11993;10022;-5148
[32.450723 0.011278] ;-12212;10130;-4941
[32.479873 0.029150] ;-12611;10282;-4430
[32.529366 0.049494] ;-13013;10332;-3511
[32.559201 0.029835] ;-13067;10220;-2958
[32.589047 0.029847] ;-12998;10020;-2411
[32.600072 0.011024] ;-12972;9907;-2192
[32.618533 0.018462] ;-12816;9715;-1855
[32.628548 0.010015] ;-12735;9595;-1670
[32.638509 0.009961] ;-12628;9457;-1478
[32.649745 0.011236] ;-12502;9300;-1285
[32.668005 0.018260] ;-12215;9002;-938
[32.677792 0.009786] ;-12057;8832;-756
[32.688101 0.010309] ;-11903;8650;-590
[32.698832 0.010731] ;-11711;8430;-381
[32.727841 0.029010] ;-11110;7837;102
[32.737569 0.009728] ;-10876;7597;268
[32.748703 0.011134] ;-10617;7332;460
[32.767248 0.018545] ;-10111;6875;762
[32.776815 0.009567] ;-9847;6612;926
[32.787019 0.010205] ;-9571;6347;1097
[32.816783 0.029764] ;-8680;5495;1533
[32.827032 0.010249] ;-8376;5200;1677
[32.836589 0.009556] ;-8055;4907;1802
[32.847728 0.011140] ;-7685;4555;1980
[32.856985 0.009256] ;-7390;4285;2095
[32.886628 0.029643] ;-6346;3317;2476
[32.897517 0.010890] ;-5942;2945;2617
[32.926610 0.029093] ;-4856;1977;2947
[32.956078 0.029468] ;-3712;927;3271
[32.965768 0.009691] ;-3306;572;3363
[32.975945 0.010176] ;-2915;225;3467
[32.985896 0.009951] ;-2515;-130;3563
[32.996791 0.010895] ;-2071;-537;3670
[33.025749 0.028958] ;-903;-1570;3915
[33.035571 0.009822] ;-492;-1935;3991
[33.046430 0.010860] ;-33;-2345;4075
[33.075250 0.028820] ;1141;-3375;4266
[33.085282 0.010032] ;1550;-3737;4333
[33.096254 0.010972] ;2018;-4145;4400
[33.114592 0.018338] ;2783;-4810;4508
[33.124634 0.010042] ;3200;-5155;4560
[33.134582 0.009948] ;3590;-5502;4610
[33.145682 0.011100] ;4062;-5907;4658
[33.154709 0.009027] ;4400;-6195;4686
[33.184645 0.029936] ;5605;-7215;4792
[33.195545 0.010900] ;6058;-7597;4825
[33.224551 0.029006] ;7150;-8527;4885
[33.254007 0.029456] ;8276;-9467;4925
[33.283719 0.029712] ;9360;-10347;4920
[33.295155 0.011436] ;9750;-10660;4915
[33.313685 0.018530] ;10385;-11175;4895
[33.323535 0.009851] ;10698;-11435;4878
[33.353638 0.030103] ;11658;-12197;4813
[33.383500 0.029862] ;12540;-12892;4712
[33.394309 0.010809] ;12863;-13132;4666
[33.412935 0.018626] ;13331;-13517;4592
[33.423124 0.010189] ;13573;-13712;4538
[33.453091 0.029967] ;14303;-14242;4375
[33.472416 0.019325] ;14743;-14550;4255
[33.482359 0.009943] ;14943;-14695;4187
[33.493449 0.011090] ;15155;-14847;4107
[33.512130 0.018681] ;15463;-15082;3982
[33.522382 0.010252] ;15635;-15197;3901
[33.532248 0.009866] ;15780;-15285;3830
[33.543326 0.011078] ;15927;-15405;3721
[33.561999 0.018672] ;16160;-15545;3585
[33.571881 0.009882] ;16265;-15625;3495
[33.601733 0.029852] ;16573;-15752;3238
[33.621360 0.019627] ;16716;-15835;3048
[33.631360 0.010000] ;16766;-15837;2942
[33.642602 0.011243] ;16837;-15862;2841
[33.661116 0.018513] ;16882;-15865;2663
[33.671007 0.009891] ;16897;-15852;2550
[33.681167 0.010160] ;16921;-15840;2448
[33.692323 0.011155] ;16953;-15810;2333
