[1.465343 1.465343] ;25615;-7112;-2898
[1.488075 0.022731] ;25586;-7110;-2908
[1.517693 0.029618] ;25588;-7075;-2912
[1.547555 0.029862] ;25591;-7057;-2922
[1.558370 0.010815] ;25620;-7082;-2903
[1.577015 0.018645] ;25591;-7070;-2915
[1.587128 0.010113] ;25610;-7062;-2915
[1.608512 0.021385] ;25612;-7107;-2912
[1.626791 0.018278] ;25596;-7100;-2912
[1.657562 0.030772] ;25612;-7090;-2892
[1.686359 0.028796] ;25581;-7052;-2901
[1.716284 0.029925] ;25593;-7097;-2912
[1.746061 0.029777] ;25586;-7090;-2892
[1.757122 0.011061] ;25620;-7110;-2906
[1.775461 0.018339] ;25583;-7080;-2892
[1.785504 0.010043] ;25596;-7085;-2908
[1.795428 0.009924] ;25588;-7077;-2901
[1.806475 0.011047] ;25612;-7120;-2903
[1.835530 0.029054] ;25593;-7110;-2901
[1.865362 0.029832] ;25591;-7092;-2896
[1.884813 0.019451] ;25591;-7087;-2896
[1.894551 0.009738] ;25610;-7085;-2892
[1.924589 0.030038] ;25588;-7080;-2906
[1.934755 0.010167] ;25598;-7082;-2915
[1.944512 0.009757] ;25586;-7077;-2906
[1.955692 0.011180] ;25620;-7095;-2908
[1.974403 0.018711] ;25588;-7077;-2892
[1.984113 0.009710] ;25602;-7085;-2906
[1.994400 0.010287] ;25596;-7082;-2906
[2.005246 0.010846] ;25617;-7100;-2906
[2.023801 0.018555] ;25598;-7087;-2892
[2.033741 0.009940] ;25602;-7080;-2906
[2.044114 0.010373] ;25588;-7082;-2908
[2.055099 0.010984] ;25617;-7097;-2917
[2.073506 0.018408] ;25598;-7082;-2920
[2.083241 0.009734] ;25591;-7085;-2922
[2.113400 0.030159] ;25607;-7107;-2908
[2.143317 0.029917] ;25602;-7102;-2892
[2.154208 0.010891] ;25626;-7112;-2901
[2.182919 0.028711] ;25605;-7092;-2912
[2.212968 0.030049] ;25596;-7072;-2892
[2.242813 0.029845] ;25605;-7080;-2898
[2.253772 0.010959] ;25617;-7105;-2898
[2.272195 0.018423] ;25598;-7095;-2896
[2.282128 0.009933] ;25586;-7085;-2892
[2.292162 0.010034] ;25598;-7095;-2901
[2.303193 0.011031] ;25615;-7097;-2898
[2.321751 0.018558] ;25588;-7080;-2906
[2.331686 0.009936] ;25572;-7085;-2906
[2.353435 0.021749] ;25622;-7100;-2901
[2.371835 0.018400] ;25591;-7090;-2915
[2.402580 0.030745] ;25612;-7097;-2901
[2.431448 0.028867] ;25588;-7090;-2915
[2.461209 0.029762] ;25598;-7112;-2896
[2.491076 0.029867] ;25598;-7110;-2892
[2.501732 0.010656] ;25570;-7095;-2908
[2.520572 0.018840] ;25546;-7085;-2896
[2.530227 0.009655] ;25548;-7087;-2898
[2.540528 0.010301] ;25536;-7090;-2898
[2.551410 0.010882] ;25615;-7115;-2896
[2.569872 0.018462] ;25591;-7082;-2890
[2.579875 0.010002] ;25591;-7080;-2892
[2.589974 0.010100] ;25586;-7100;-2892
[2.601091 0.011117] ;25610;-7102;-2901
[2.619576 0.018485] ;25583;-7100;-2922
[2.629453 0.009877] ;25598;-7097;-2922
[2.639577 0.010123] ;25591;-7092;-2908
[2.650934 0.011357] ;25615;-7075;-2903
[2.679560 0.028625] ;25596;-7062;-2912
[2.729129 0.049569] ;25598;-7082;-2896
[2.758837 0.029708] ;25591;-7075;-2887
[2.788917 0.030081] ;25588;-7065;-2885
[2.799758 0.010841] ;25622;-7105;-2912
[2.818179 0.018420] ;25583;-7080;-2898
[2.828236 0.010057] ;25586;-7077;-2906
[2.838212 0.009977] ;25591;-7080;-2920
[2.849637 0.011425] ;25617;-7085;-2896
[2.867851 0.018214] ;25581;-7072;-2896
[2.877884 0.010032] ;25591;-7067;-2890
[2.888023 0.010139] ;25591;-7052;-2896
[2.898854 0.010830] ;25615;-7087;-2912
[2.917344 0.018490] ;25596;-7070;-2925
[2.927442 0.010098] ;25591;-7080;-2922
[2.958018 0.030576] ;25586;-7077;-2898
[2.967283 0.009265] ;25588;-7075;-2878
[2.977555 0.010272] ;25593;-7065;-2887
[3.007413 0.029858] ;25588;-7082;-2898
[3.026781 0.019367] ;25583;-7087;-2901
[3.048278 0.021497] ;25620;-7117;-2898
[3.066688 0.018410] ;25607;-7100;-2906
[3.076669 0.009981] ;25591;-7110;-2906
[3.086701 0.010032] ;25586;-7102;-2906
[3.098015 0.011314] ;25612;-7117;-2903
[3.116446 0.018431] ;25598;-7112;-2901
[3.165648 0.049202] ;25591;-7087;-2903
[3.175753 0.010106] ;25596;-7077;-2898
[3.185968 0.010214] ;25593;-7085;-2912
[3.196889 0.010921] ;25617;-7100;-2912
[3.225872 0.028983] ;25586;-7062;-2906
[3.255630 0.029759] ;25591;-7077;-2890
[3.275118 0.019487] ;25605;-7090;-2892
[3.284973 0.009855] ;25593;-7067;-2906
[3.315084 0.030111] ;25588;-7095;-2896
[3.324959 0.009875] ;25598;-7072;-2903
[3.354807 0.029848] ;25588;-7095;-2890
[3.364874 0.010067] ;25588;-7090;-2890
[3.384282 0.019408] ;25607;-7092;-2896
[3.414266 0.029984] ;25575;-7100;-2887
[3.424003 0.009737] ;25591;-7095;-2896
[3.434130 0.010127] ;25591;-7087;-2890
[3.445313 0.011183] ;25612;-7107;-2896
[3.463527 0.018214] ;25605;-7095;-2908
[3.474002 0.010475] ;25596;-7092;-2903
[3.483876 0.009874] ;25602;-7095;-2903
[3.513822 0.029946] ;25586;-7077;-2908
[3.523622 0.009799] ;25596;-7082;-2906
[3.553471 0.029849] ;25586;-7077;-2912
[3.573090 0.019619] ;25572;-7090;-2903
[3.582995 0.009904] ;25586;-7102;-2908
[3.612870 0.029876] ;25583;-7105;-2915
[3.622758 0.009888] ;25586;-7092;-2915
[3.632867 0.010109] ;25586;-7087;-2908
[3.643845 0.010978] ;25620;-7097;-2898
[3.662442 0.018596] ;25596;-7085;-2892
[3.672433 0.009991] ;25593;-7055;-2892
[3.682476 0.010044] ;25586;-7075;-2901
[3.693631 0.011155] ;25586;-7102;-2903
[3.712272 0.018641] ;25570;-7072;-2901
[3.722133 0.009861] ;25557;-7075;-2906
[3.751838 0.029704] ;25583;-7072;-2898
[3.761811 0.009974] ;25588;-7067;-2896
[3.793037 0.031225] ;25620;-7092;-2892
[3.821699 0.028663] ;25610;-7040;-2903
[3.851429 0.029730] ;25586;-7110;-2908
[3.870955 0.019526] ;25588;-7090;-2912
[3.880792 0.009836] ;25588;-7097;-2912
[3.910896 0.030104] ;25591;-7092;-2908
[3.921031 0.010136] ;25591;-7085;-2925
[3.930763 0.009732] ;25583;-7065;-2901
[3.942130 0.011367] ;25615;-7115;-2912
[3.960567 0.018437] ;25593;-7097;-2908
[4.009984 0.049417] ;25591;-7090;-2901
[4.019783 0.009799] ;25602;-7087;-2920
[4.030002 0.010219] ;25593;-7102;-2908
[4.041118 0.011116] ;25610;-7117;-2898
[4.069774 0.028657] ;25591;-7107;-2892
[4.099794 0.030019] ;25596;-7095;-2866
[4.129465 0.029671] ;25598;-7100;-2878
[4.140656 0.011192] ;25620;-7075;-2915
[4.159155 0.018499] ;25575;-7040;-2892
[4.169054 0.009898] ;25588;-7037;-2901
[4.179219 0.010165] ;25586;-7032;-2903
[4.190429 0.011211] ;25607;-7107;-2898
[4.208530 0.018101] ;25596;-7095;-2892
[4.218464 0.009933] ;25612;-7097;-2896
[4.228473 0.010009] ;25605;-7085;-2885
[4.239779 0.011307] ;25612;-7100;-2898
[4.258259 0.018480] ;25605;-7072;-2887
[4.268141 0.009881] ;25593;-7067;-2901
[4.278574 0.010434] ;25602;-7057;-2903
[4.289504 0.010929] ;25615;-7095;-2903
[4.308050 0.018547] ;25588;-7077;-2892
[4.317821 0.009770] ;25583;-7072;-2896
[4.327927 0.010106] ;25598;-7077;-2896
[4.339179 0.011252] ;25622;-7100;-2906
[4.367929 0.028750] ;25583;-7097;-2908
[4.397714 0.029785] ;25588;-7082;-2896
[4.427505 0.029791] ;25591;-7085;-2892
[4.438501 0.010996] ;25626;-7087;-2906
[4.457152 0.018651] ;25598;-7067;-2898
[4.467045 0.009893] ;25605;-7065;-2903
[4.477096 0.010051] ;25591;-7060;-2908
[4.488233 0.011137] ;25612;-7095;-2903
[4.506806 0.018574] ;25586;-7092;-2915
[4.516684 0.009878] ;25602;-7102;-2917
[4.526686 0.010001] ;25610;-7095;-2912
[4.537888 0.011202] ;25620;-7105;-2903
[4.556257 0.018368] ;25588;-7080;-2885
[4.566172 0.009915] ;25591;-7077;-2892
[4.576228 0.010056] ;25586;-7087;-2896
[4.587320 0.011091] ;25617;-7110;-2896
[4.605885 0.018566] ;25612;-7075;-2878
[4.615806 0.009921] ;25612;-7087;-2892
[4.625810 0.010003] ;25598;-7090;-2903
[4.636988 0.011178] ;25617;-7102;-2908
[4.665993 0.029005] ;25567;-7097;-2915
[4.695399 0.029406] ;25588;-7112;-2901
[4.725338 0.029939] ;25578;-7102;-2908
[4.736574 0.011236] ;25617;-7072;-2898
[4.754814 0.018239] ;25593;-7062;-2901
[4.765109 0.010295] ;25588;-7067;-2917
[4.774946 0.009837] ;25596;-7052;-2901
[4.785967 0.011021] ;25615;-7100;-2915
[4.804673 0.018706] ;25586;-7097;-2898
[4.864682 0.060009] ;25605;-7075;-2903
[4.894403 0.029721] ;25598;-7082;-2908
[4.924038 0.029634] ;25607;-7085;-2906
[4.935128 0.011091] ;25626;-7122;-2903
[4.953607 0.018478] ;25588;-7082;-2898
[4.963688 0.010081] ;25596;-7097;-2912
[4.973467 0.009779] ;25598;-7090;-2915
[4.984773 0.011306] ;25612;-7085;-2903
[5.003275 0.018502] ;25607;-7070;-2915
[5.013306 0.010031] ;25605;-7055;-2917
[5.023303 0.009997] ;25602;-7062;-2915
[5.034489 0.011187] ;25610;-7102;-2890
[5.052866 0.018376] ;25583;-7077;-2901
[5.062733 0.009868] ;25593;-7080;-2898
[5.072892 0.010158] ;25581;-7082;-2906
[5.084022 0.011130] ;25607;-7112;-2903
[5.102552 0.018530] ;25593;-7080;-2890
[5.112584 0.010032] ;25596;-7087;-2896
[5.122426 0.009842] ;25596;-7080;-2885
[5.133632 0.011205] ;25612;-7090;-2908
[5.162539 0.028907] ;25607;-7080;-2922
[5.192216 0.029677] ;25586;-7052;-2903
[5.222076 0.029860] ;25593;-7055;-2892
[5.233068 0.010992] ;25605;-7092;-2920
[5.251512 0.018444] ;25581;-7075;-2920
[5.261597 0.010084] ;25588;-7080;-2920
[5.271569 0.009972] ;25581;-7077;-2925
[5.282660 0.011091] ;25605;-7102;-2922
[5.301154 0.018494] ;25565;-7060;-2950
[5.311200 0.010046] ;25562;-7057;-2942
[5.321337 0.010137] ;25543;-7047;-2966
[5.332560 0.011223] ;25572;-7080;-2975
[5.350635 0.018075] ;25533;-7062;-2991
[5.360657 0.010022] ;25525;-7060;-3021
[5.370826 0.010168] ;25517;-7047;-3026
[5.381792 0.010967] ;25512;-7070;-3040
[5.400562 0.018770] ;25470;-7022;-3067
[5.410327 0.009765] ;25453;-7025;-3105
[5.420445 0.010118] ;25427;-7017;-3132
[5.431526 0.011081] ;25427;-7032;-3160
[5.450060 0.018534] ;25356;-7000;-3227
[5.460206 0.010146] ;25322;-6985;-3268
[5.469965 0.009759] ;25308;-6965;-3303
[5.481130 0.011165] ;25272;-6990;-3383
[5.499786 0.018656] ;25180;-6937;-3457
[5.509925 0.010139] ;25151;-6922;-3511
[5.519890 0.009965] ;25090;-6895;-3582
[5.530835 0.010945] ;25061;-6910;-3663
[5.559786 0.028951] ;24887;-6812;-3846
[5.589280 0.029494] ;24687;-6735;-4102
[5.608968 0.019688] ;24523;-6692;-4266
[5.618778 0.009810] ;24452;-6662;-4345
[5.648823 0.030046] ;24196;-6587;-4656
[5.659073 0.010250] ;24093;-6552;-4748
[5.669028 0.009955] ;23993;-6507;-4843
[5.679885 0.010858] ;23903;-6462;-4982
[5.698372 0.018487] ;23666;-6365;-5162
[5.708437 0.010065] ;23561;-6332;-5273
[5.718564 0.010127] ;23447;-6297;-5377
[5.729722 0.011157] ;23316;-6272;-5525
[5.748141 0.018420] ;23038;-6190;-5721
[5.758243 0.010102] ;22902;-6127;-5843
[5.768174 0.009930] ;22772;-6072;-5961
[5.779361 0.011187] ;22622;-6032;-6127
[5.797791 0.018430] ;22318;-5932;-6363
[5.807510 0.009719] ;22132;-5870;-6495
[5.817899 0.010390] ;21983;-5802;-6606
[5.828936 0.011037] ;21800;-5725;-6765
[5.847390 0.018454] ;21443;-5632;-7007
[5.857260 0.009870] ;21243;-5567;-7151
[5.867236 0.009976] ;21061;-5500;-7271
[5.878487 0.011251] ;20845;-5412;-7426
[5.896993 0.018506] ;20438;-5275;-7661
[5.906826 0.009833] ;20233;-5197;-7800
[5.917135 0.010309] ;20001;-5120;-7933
[5.927966 0.010831] ;19751;-5052;-8118
[5.946636 0.018669] ;19290;-4905;-8380
[5.956482 0.009846] ;19026;-4815;-8502
[5.966688 0.010206] ;18770;-4735;-8666
[5.977836 0.011148] ;18480;-4632;-8791
[6.006448 0.028612] ;17673;-4377;-9213
[6.036548 0.030100] ;16756;-4095;-9611
[6.055992 0.019444] ;16107;-3897;-9887
[6.065736 0.009744] ;15775;-3795;-10036
[6.077028 0.011292] ;15411;-3675;-10165
[6.105907 0.028879] ;14377;-3372;-10543
[6.135662 0.029755] ;13265;-3032;-10913
[6.155205 0.019543] ;12478;-2817;-11148
[6.165293 0.010087] ;12081;-2697;-11278
[6.176536 0.011243] ;11611;-2567;-11426
[6.194982 0.018446] ;10817;-2362;-11650
[6.205064 0.010082] ;10387;-2242;-11753
[6.214915 0.009851] ;9952;-2117;-11857
[6.226001 0.011086] ;9457;-1980;-11976
[6.244454 0.018453] ;8600;-1767;-12158
[6.254670 0.010217] ;8131;-1637;-12255
[6.264494 0.009823] ;7667;-1515;-12345
[6.275601 0.011107] ;7133;-1372;-12475
[6.294330 0.018728] ;6227;-1130;-12627
[6.304134 0.009804] ;5733;-1000;-12720
[6.314294 0.010160] ;5233;-877;-12805
[6.325092 0.010798] ;4656;-745;-12906
[6.343880 0.018788] ;3680;-507;-13045
[6.353655 0.009775] ;3155;-372;-13118
[6.363642 0.009986] ;2622;-247;-13178
[6.393289 0.029647] ;988;142;-13385
[6.403233 0.009944] ;421;270;-13437
[6.413219 0.009987] ;-136;415;-13483
[6.443173 0.029954] ;-1840;827;-13620
[6.453069 0.009896] ;-2408;957;-13650
[6.462984 0.009915] ;-3016;1085;-13682
[6.474299 0.011315] ;-3672;1235;-13712
[6.492824 0.018525] ;-4761;1482;-13742
[6.502661 0.009837] ;-5357;1620;-13753
[6.512749 0.010088] ;-5940;1747;-13761
[6.523793 0.011044] ;-6620;1902;-13772
[6.542492 0.018699] ;-7720;2157;-13733
[6.552219 0.009727] ;-8312;2285;-13720
[6.562357 0.010138] ;-8898;2412;-13698
[6.573454 0.011097] ;-9576;2562;-13663
[6.602435 0.028981] ;-11231;2952;-13513
[6.652231 0.049796] ;-14047;3567;-13086
[6.682726 0.030495] ;-15648;3932;-12707
[6.701457 0.018731] ;-16682;4160;-12391
[6.711622 0.010165] ;-17175;4270;-12225
[6.722427 0.010804] ;-17783;4400;-12022
[6.741153 0.018727] ;-18638;4597;-11627
[6.751112 0.009958] ;-19097;4707;-11415
[6.761245 0.010133] ;-19540;4790;-11165
[6.772579 0.011335] ;-20041;4642;-10911
[6.790904 0.018324] ;-20768;4765;-10407
[6.801251 0.010347] ;-21148;4830;-10123
[6.830796 0.029545] ;-22163;5310;-9162
[6.860704 0.029909] ;-23005;5450;-8100
[6.871831 0.011127] ;-23305;5515;-7661
[6.890015 0.018184] ;-23685;5560;-6897
[6.900133 0.010118] ;-23856;5580;-6476
[6.910161 0.010028] ;-24001;5582;-6042
[6.921244 0.011083] ;-24170;5640;-5546
[6.939775 0.018531] ;-24300;5622;-4705
[6.949851 0.010077] ;-24346;5617;-4257
[6.959686 0.009835] ;-24373;5585;-3781
[6.970804 0.011118] ;-24417;5555;-3157
[6.989252 0.018448] ;-24310;5462;-2271
[6.999497 0.010245] ;-24222;5405;-1772
[7.009285 0.009788] ;-24112;5345;-1287
[7.020366 0.011081] ;-23985;5260;-653
[7.048877 0.028511] ;-23378;5002;795
[7.078943 0.030067] ;-22503;4662;2386
[7.108714 0.029771] ;-21303;4245;3915
[7.119807 0.011093] ;-20785;4070;4536
[7.137964 0.018157] ;-19782;3762;5451
[7.147963 0.009998] ;-19210;3560;5925
[7.158076 0.010114] ;-18588;3370;6388
[7.169330 0.011254] ;-17873;3127;6915
[7.198333 0.029003] ;-15767;2512;8140
[7.228002 0.029670] ;-13307;1795;9331
[7.257864 0.029862] ;-10527;1017;10355
[7.268864 0.010999] ;-9441;732;10691
[7.286938 0.018075] ;-7527;235;11216
[7.297110 0.010172] ;-6462;-30;11456
[7.307260 0.010149] ;-5386;-325;11687
[7.337143 0.029884] ;-2056;-1152;12282
[7.346819 0.009676] ;-908;-1442;12415
[7.356987 0.010167] ;233;-1725;12571
[7.367968 0.010981] ;1533;-2052;12677
[7.386662 0.018695] ;3685;-2582;12821
[7.396509 0.009846] ;4835;-2880;12865
[7.406562 0.010054] ;5980;-3160;12903
[7.417629 0.011067] ;7268;-3490;12908
[7.446422 0.028793] ;10408;-4300;12767
[7.495986 0.049563] ;15426;-5660;12010
[7.525981 0.029995] ;18035;-6387;11202
[7.555757 0.029777] ;20250;-6995;10135
[7.566839 0.011082] ;21016;-7207;9666
[7.585083 0.018244] ;22061;-7477;8816
[7.595106 0.010023] ;22546;-7612;8342
[7.605181 0.010074] ;23007;-7727;7802
[7.616347 0.011166] ;23463;-7837;7211
[7.634732 0.018385] ;24070;-7967;6176
[7.644847 0.010115] ;24315;-8025;5568
[7.654871 0.010024] ;24523;-8055;4958
[7.665929 0.011058] ;24758;-8100;4231
[7.684229 0.018300] ;24892;-8107;3048
[7.694335 0.010105] ;24903;-8087;2407
[7.704323 0.009988] ;24868;-8060;1740
[7.715485 0.011163] ;24808;-8045;956
[7.744382 0.028897] ;24233;-7845;-986
[7.774108 0.029726] ;23242;-7567;-3083
[7.803860 0.029752] ;21717;-7072;-5137
[7.815053 0.011194] ;21037;-6875;-5908
[7.833355 0.018302] ;19713;-6495;-7107
[7.843510 0.010154] ;18931;-6285;-7745
[7.853461 0.009951] ;18073;-6052;-8342
[7.864616 0.011155] ;17077;-5782;-8987
[7.882986 0.018370] ;15228;-5310;-9990
[7.893113 0.010127] ;14168;-5040;-10518
[7.903331 0.010218] ;13085;-4755;-10996
[7.914510 0.011179] ;11785;-4450;-11518
[7.932845 0.018335] ;9526;-3922;-12295
[7.942933 0.010088] ;8265;-3642;-12677
[7.972757 0.029824] ;4305;-2780;-13625
[8.002263 0.029505] ;183;-1927;-14333
[8.013819 0.011557] ;-1407;-1620;-14578
[8.032092 0.018272] ;-3991;-1090;-14830
[8.042024 0.009932] ;-5370;-832;-14927
[8.051981 0.009958] ;-6715;-562;-14982
[8.063067 0.011086] ;-8245;-277;-15058
[8.091936 0.028868] ;-11922;445;-14973
[8.122058 0.030122] ;-15430;1137;-14600
[8.151717 0.029659] ;-18525;1750;-13913
[8.162995 0.011278] ;-19621;1975;-13560
[8.181309 0.018314] ;-21148;2262;-12870
[8.191289 0.009980] ;-21910;2400;-12447
[8.221281 0.029992] ;-23861;2735;-11036
[8.240818 0.019537] ;-24852;2875;-9987
[8.250864 0.010046] ;-25275;2925;-9421
[8.280238 0.029374] ;-26247;3025;-7606
[8.290420 0.010182] ;-26448;3017;-7001
[8.300461 0.010041] ;-26598;2992;-6400
[8.311890 0.011429] ;-26753;2935;-5590
[8.329864 0.017974] ;-26770;2840;-4380
[8.339995 0.010130] ;-26741;2760;-3712
[8.350035 0.010040] ;-26635;2640;-3056
[8.361225 0.011190] ;-26498;2467;-2192
[8.379483 0.018258] ;-26057;2222;-980
[8.389570 0.010088] ;-25755;2070;-312
[8.399528 0.009958] ;-25420;1897;342
[8.410658 0.011130] ;-25011;1610;1173
[8.439218 0.028560] ;-23563;1015;2980
[8.468975 0.029757] ;-21657;155;4770
[8.479186 0.010211] ;-20930;-132;5326
[8.510071 0.030885] ;-18358;-1095;6920
[8.539023 0.028952] ;-15635;-2062;8137
[8.568572 0.029549] ;-12495;-3132;9190
[8.598333 0.029761] ;-9125;-4222;10017
[8.609607 0.011274] ;-7827;-4647;10262
[8.627727 0.018120] ;-5618;-5335;10625
[8.637952 0.010225] ;-4442;-5707;10761
[8.647881 0.009929] ;-3235;-6075;10906
[8.659112 0.011231] ;-1911;-6502;11012
[8.677251 0.018139] ;302;-7195;11160
[8.687723 0.010472] ;1465;-7557;11206
[8.697505 0.009782] ;2622;-7925;11218
[8.708626 0.011121] ;3936;-8322;11225
[8.737282 0.028655] ;7078;-9310;11102
[8.767360 0.030079] ;10145;-10260;10781
[8.786913 0.019553] ;12020;-10842;10458
[8.797167 0.010253] ;12887;-11110;10243
[8.808418 0.011252] ;13866;-11382;9985
[8.826524 0.018106] ;15285;-11790;9518
[8.836715 0.010190] ;15977;-11967;9227
[8.866719 0.030005] ;17807;-12405;8262
[8.896310 0.029591] ;19178;-12605;7077
[8.907616 0.011306] ;19618;-12647;6582
[8.926077 0.018461] ;20107;-12595;5710
[8.936081 0.010004] ;20310;-12542;5233
[8.966067 0.029986] ;20671;-12285;3705
[8.985526 0.019458] ;20647;-12017;2601
[8.995359 0.009834] ;20557;-11852;2012
[9.006607 0.011248] ;20445;-11680;1367
[9.035317 0.028709] ;19703;-11052;-335
[9.065541 0.030224] ;18475;-10272;-2130
[9.084853 0.019312] ;17388;-9660;-3331
[9.094757 0.009904] ;16756;-9327;-3928
[9.105746 0.010989] ;15988;-8965;-4590
[9.115074 0.009328] ;15363;-8665;-5075
[9.134220 0.019146] ;13733;-7950;-6187
[9.144373 0.010154] ;12845;-7582;-6718
[9.174001 0.029628] ;9911;-6507;-8176
[9.184113 0.010112] ;8853;-6132;-8625
[9.193984 0.009871] ;7732;-5770;-9028
[9.205115 0.011131] ;6477;-5385;-9481
[9.233864 0.028749] ;3050;-4367;-10435
[9.263619 0.029755] ;-706;-3380;-11255
[9.293445 0.029826] ;-4545;-2437;-11783
[9.304428 0.010983] ;-6000;-2102;-11922
[9.322996 0.018568] ;-8328;-1562;-12040
[9.333050 0.010054] ;-9560;-1280;-12047
[9.343283 0.010232] ;-10781;-1010;-12022
[9.354628 0.011345] ;-12152;-710;-11966
[9.372707 0.018079] ;-14240;-255;-11733
[9.384531 0.011824] ;-15318;-22;-11555
[9.393009 0.008478] ;-16333;207;-11315
[9.403850 0.010841] ;-17491;460;-11033
[9.422338 0.018488] ;-19152;832;-10405
[9.432573 0.010236] ;-20003;1032;-10015
[9.442529 0.009956] ;-20758;1187;-9585
[9.453851 0.011322] ;-21620;1385;-9053
[9.472073 0.018222] ;-22762;1627;-8058
[9.481988 0.009915] ;-23316;1742;-7495
[9.492053 0.010065] ;-23793;1845;-6881
[9.503113 0.011060] ;-24320;1992;-6118
[9.521806 0.018693] ;-24927;2160;-4857
[9.531749 0.009943] ;-25180;2232;-4167
[9.541708 0.009959] ;-25380;2280;-3440
[9.552674 0.010965] ;-25562;2315;-2506
[9.571397 0.018723] ;-25622;2332;-1132
[9.581103 0.009706] ;-25581;2350;-345
[9.591395 0.010292] ;-25483;2347;455
[9.602220 0.010825] ;-25343;2345;1457
[9.631450 0.029230] ;-24497;2252;3776
[9.660732 0.029282] ;-23152;2030;6183
[9.690809 0.030078] ;-21196;1757;8435
[9.702022 0.011212] ;-20343;1647;9320
[9.720115 0.018093] ;-18710;1427;10620
[9.730210 0.010095] ;-17750;1302;11252
[9.740469 0.010260] ;-16721;1165;11876
[9.751565 0.011095] ;-15513;1020;12565
[9.769760 0.018195] ;-13336;757;13548
[9.779916 0.010156] ;-12105;615;14033
[9.789909 0.009994] ;-10841;460;14488
[9.800860 0.010951] ;-9362;312;14982
[9.819340 0.018480] ;-6802;37;15676
[9.829458 0.010118] ;-5407;-117;16008
[9.839446 0.009988] ;-3970;-272;16283
[9.869053 0.029607] ;342;-715;16946
[9.879022 0.009969] ;1808;-862;17105
[9.889322 0.010300] ;3256;-1010;17251
[9.900185 0.010863] ;4925;-1175;17368
[9.929317 0.029132] ;8930;-1597;17477
[9.958971 0.029654] ;12935;-2045;17265
[9.978684 0.019713] ;15371;-2330;16932
[9.988518 0.009834] ;16505;-2472;16715
[9.999657 0.011138] ;17781;-2627;16401
[10.028564 0.028907] ;20566;-3005;15377
[10.078225 0.049661] ;24338;-3485;12837
[10.107978 0.029753] ;25888;-3785;8788
[10.137740 0.029762] ;26941;-3952;7157
[10.148766 0.011026] ;27266;-4007;8298
[10.167113 0.018348] ;27528;-4062;7031
[10.177322 0.010208] ;27616;-4075;6310
[10.187262 0.009941] ;27653;-4080;5615
[10.198354 0.011092] ;27697;-4100;4712
[10.216679 0.018325] ;27511;-4067;3416
[10.226996 0.010317] ;27357;-4037;2693
[10.236866 0.009870] ;27157;-4007;1998
[10.247889 0.011023] ;26928;-3922;1122
[10.276879 0.028990] ;25923;-3740;-783
[10.306604 0.029724] ;24502;-3365;-2746
[10.336354 0.029751] ;22662;-2905;-4435
[10.347335 0.010981] ;21895;-2710;-5070
[10.365760 0.018425] ;20462;-2322;-5957
[10.375826 0.010066] ;19640;-2100;-6412
[10.385840 0.010014] ;18786;-1865;-6825
[10.397103 0.011263] ;17797;-1602;-7243
[10.415609 0.018507] ;16043;-1125;-7832
[10.425527 0.009918] ;15088;-852;-8110
[10.435559 0.010032] ;14111;-555;-8356
[10.446507 0.010948] ;12980;-225;-8645
[10.455344 0.008837] ;12086;35;-8805
[10.484990 0.029646] ;9001;1000;-9200
[10.496304 0.011314] ;7815;1365;-9320
[10.524796 0.028491] ;4870;2342;-9437
[10.554870 0.030074] ;1866;3390;-9380
[10.584629 0.029759] ;-985;4422;-9140
[10.595505 0.010876] ;-2013;4842;-9053
[10.624080 0.028574] ;-4437;5810;-8652
[10.634210 0.010130] ;-5225;6160;-8488
[10.645329 0.011119] ;-6101;6512;-8303
[10.663489 0.018161] ;-7411;7077;-7925
[10.673552 0.010062] ;-8057;7375;-7718
[10.683450 0.009898] ;-8692;7642;-7497
[10.694599 0.011149] ;-9370;7947;-7233
[10.703860 0.009261] ;-9821;8150;-7031
[10.733511 0.029651] ;-11242;8787;-6271
[10.744473 0.010961] ;-11722;8992;-5975
[10.763030 0.018558] ;-12345;9252;-5446
[10.773267 0.010237] ;-12626;9367;-5160
[10.783097 0.009830] ;-12871;9447;-4857
[10.794121 0.011024] ;-13153;9532;-4555
[10.812311 0.018190] ;-13417;9567;-3991
[10.822532 0.010221] ;-13528;9560;-3696
[10.832600 0.010067] ;-13607;9515;-3383
[10.843921 0.011322] ;-13652;9475;-3037
[10.872543 0.028622] ;-13533;9170;-2168
[10.902489 0.029946] ;-13080;8615;-1238
[10.932158 0.029669] ;-12331;7860;-328
[10.942705 0.010547] ;-12001;7510;0
[10.971588 0.028883] ;-10921;6527;827
[10.981954 0.010366] ;-10458;6147;1105
[10.992668 0.010714] ;-9952;5687;1405
[11.011203 0.018534] ;-9017;4877;1898
[11.021169 0.009966] ;-8478;4417;2121
[11.031046 0.009877] ;-7920;3950;2383
[11.042056 0.011010] ;-7261;3397;2636
[11.051078 0.009022] ;-6728;2977;2822
[11.081009 0.029931] ;-4825;1410;3430
[11.091730 0.010721] ;-4086;785;3652
[11.100810 0.009080] ;-3503;312;3797
[11.130669 0.029858] ;-1415;-1347;4250
[11.141580 0.010911] ;-606;-1995;4426
[11.170607 0.029027] ;1462;-3610;4772
[11.180204 0.009598] ;2182;-4172;4887
[11.191270 0.011066] ;3010;-4822;4971
[11.209998 0.018727] ;4352;-5855;5113
[11.219599 0.009602] ;5056;-6405;5190
[11.229788 0.010188] ;5757;-6947;5238
[11.259447 0.029660] ;7846;-8520;5315
[11.269584 0.010137] ;8507;-9022;5326
[11.279523 0.009939] ;9177;-9510;5320
[11.290629 0.011106] ;9902;-10035;5315
[11.319613 0.028984] ;11598;-11302;5195
[11.349257 0.029644] ;13236;-12440;4991
[11.368717 0.019459] ;14185;-13102;4800
[11.379027 0.010310] ;14606;-13420;4682
[11.390152 0.011125] ;15092;-13707;4530
[11.408567 0.018415] ;15732;-14145;4273
[11.418624 0.010057] ;16041;-14345;4116
[11.428811 0.010186] ;16323;-14520;3952
[11.439844 0.011034] ;16621;-14672;3756
[11.458299 0.018455] ;16985;-14852;3432
[11.468435 0.010137] ;17130;-14932;3236
[11.498143 0.029707] ;17425;-14950;2647
[11.517822 0.019679] ;17448;-14852;2211
[11.527930 0.010108] ;17422;-14770;1968
[11.538985 0.011054] ;17377;-14675;1740
[11.567801 0.028816] ;16987;-14185;1070
[11.617414 0.049613] ;15811;-12907;-65
[11.627478 0.010064] ;15495;-12575;-305
[11.638382 0.010904] ;15126;-12215;-552
[11.656857 0.018475] ;14396;-11480;-968
[11.667188 0.010331] ;13963;-11057;-1190
[11.696910 0.029722] ;12573;-9755;-1838
[11.726822 0.029912] ;11018;-8282;-2453
[11.738014 0.011192] ;10401;-7720;-2656
[11.756125 0.018111] ;9303;-6737;-2988
[11.766077 0.009952] ;8718;-6192;-3181
[11.776029 0.009951] ;8126;-5647;-3342
[11.786986 0.010957] ;7432;-5060;-3543
[11.796206 0.009220] ;6897;-4572;-3700
[11.825791 0.029585] ;4991;-2915;-4155
[11.837073 0.011281] ;4271;-2315;-4326
[11.865684 0.028612] ;2417;-755;-4712
[11.875502 0.009817] ;1768;-222;-4841
[11.886425 0.010924] ;1022;362;-4985
[11.914969 0.028543] ;-822;1825;-5293
[11.925069 0.010100] ;-1467;2300;-5402
[11.936080 0.011012] ;-2193;2840;-5516
[11.954658 0.018578] ;-3351;3677;-5682
[11.964773 0.010116] ;-3970;4100;-5762
[11.974550 0.009777] ;-4571;4517;-5843
[12.004350 0.029800] ;-6320;5632;-6037
[12.014498 0.010148] ;-6897;5972;-6081
[12.024477 0.009979] ;-7437;6290;-6132
[12.035412 0.010935] ;-8062;6642;-6173
[12.064369 0.028957] ;-9502;7332;-6230
[12.094085 0.029715] ;-10841;7877;-6227
[12.123713 0.029629] ;-12003;8167;-6143
[12.135006 0.011293] ;-12421;8240;-6100
[12.153402 0.018396] ;-13003;8250;-5975
[12.163383 0.009981] ;-13277;8215;-5898
[12.173316 0.009933] ;-13550;8162;-5813
[12.184534 0.011218] ;-13837;8067;-5712
[12.213317 0.028783] ;-14348;7685;-5366
[12.243065 0.029748] ;-14710;7052;-4885
[12.272943 0.029878] ;-14828;6207;-4298
[12.284014 0.011071] ;-14833;5847;-4051
[12.302422 0.018408] ;-14691;5185;-3612
[12.312457 0.010035] ;-14603;4805;-3377
[12.322597 0.010140] ;-14472;4407;-3113
[12.333431 0.010834] ;-14335;3935;-2800
[12.352063 0.018633] ;-13940;3122;-2277
[12.361909 0.009846] ;-13683;2665;-1982
[12.372190 0.010281] ;-13422;2182;-1700
[12.383319 0.011129] ;-13125;1627;-1361
[12.401235 0.017916] ;-12481;707;-783
[12.411393 0.010158] ;-12102;205;-492
[12.421674 0.010282] ;-11698;-312;-195
[12.461444 0.039769] ;-9857;-2380;982
[12.491127 0.029683] ;-8247;-3960;1797
[12.501098 0.009971] ;-7680;-4480;2058
[12.532078 0.030980] ;-5795;-6075;2813
[12.560628 0.028550] ;-3948;-7465;3388
[12.570703 0.010074] ;-3295;-7947;3566
[12.583516 0.012814] ;-2565;-8475;3778
[12.600161 0.016644] ;-1320;-9317;4051
[12.610218 0.010057] ;-663;-9755;4176
[12.620073 0.009855] ;-5;-10172;4307
[12.649881 0.029808] ;1908;-11347;4596
[12.659991 0.010110] ;2533;-11735;4652
[12.669940 0.009949] ;3140;-12095;4707
[12.680959 0.011019] ;3830;-12467;4762
[12.699736 0.018777] ;4875;-13055;4808
[12.709624 0.009887] ;5420;-13347;4811
[12.719650 0.010026] ;5935;-13615;4808
[12.730919 0.011270] ;6533;-13895;4795
[12.759627 0.028708] ;7822;-14515;4672
[12.789409 0.029782] ;8977;-14977;4483
[12.819170 0.029761] ;9871;-15235;4225
[12.830334 0.011164] ;10171;-15290;4113
[12.848791 0.018457] ;10543;-15310;3895
[12.858827 0.010036] ;10712;-15277;3772
[12.888980 0.030153] ;11045;-15072;3356
[12.918674 0.029694] ;11116;-14657;2882
[12.929602 0.010927] ;11113;-14467;2691
[12.948223 0.018621] ;10965;-14057;2356
[12.958354 0.010131] ;10846;-13825;2173
[12.988111 0.029758] ;10353;-12977;1587
[13.007355 0.019244] ;9897;-12322;1181
[13.017434 0.010079] ;9612;-11957;956
[13.047304 0.029870] ;8637;-10820;315
[13.057535 0.010231] ;8260;-10392;88
[13.067162 0.009627] ;7853;-9965;-130
[13.096807 0.029644] ;6486;-8622;-762
[13.106747 0.009941] ;6003;-8155;-977
[13.116942 0.010195] ;5486;-7662;-1162
[13.127836 0.010894] ;4901;-7125;-1375
[13.136982 0.009146] ;4413;-6692;-1555
[13.166601 0.029619] ;2662;-5175;-2075
[13.177669 0.011068] ;1977;-4610;-2250
[13.206320 0.028651] ;173;-3147;-2631
[13.216376 0.010056] ;-461;-2620;-2756
[13.227238 0.010862] ;-1215;-2060;-2890
[13.245782 0.018544] ;-2417;-1120;-3051
[13.255699 0.009917] ;-3081;-615;-3121
[13.265695 0.009996] ;-3738;-125;-3192
[13.295524 0.029829] ;-5676;1340;-3296
[13.305382 0.009858] ;-6290;1805;-3310
[13.315443 0.010061] ;-6915;2270;-3310
[13.326447 0.011005] ;-7625;2777;-3296
[13.335463 0.009016] ;-8131;3165;-3271
[13.365360 0.029897] ;-9831;4395;-3081
[13.376341 0.010981] ;-10458;4855;-2991
[13.394981 0.018641] ;-11368;5532;-2778
[13.404796 0.009815] ;-11838;5867;-2661
[13.414807 0.010011] ;-12288;6202;-2513
[13.426218 0.011410] ;-12790;6560;-2340
[13.454967 0.028750] ;-13810;7342;-1811
[13.484686 0.029719] ;-14667;8017;-1138
[13.514390 0.029704] ;-15237;8490;-381
[13.525289 0.010899] ;-15406;8632;-76
[13.553833 0.028544] ;-15575;8857;767
[13.583955 0.030122] ;-15477;8892;1726
[13.613568 0.029613] ;-15071;8762;2742
[13.624791 0.011223] ;-14867;8667;3121
[13.642973 0.018182] ;-14375;8465;3786
[13.653217 0.010244] ;-14052;8327;4137
[13.663150 0.009933] ;-13702;8182;4490
[13.674220 0.011071] ;-13307;7987;4890
[13.702881 0.028660] ;-11996;7425;5928
[13.732947 0.030067] ;-10330;6702;6963
[13.762507 0.029559] ;-8378;5880;7952
[13.773445 0.010938] ;-7611;5547;8303
[13.802370 0.028925] ;-5415;4677;9143
[13.832148 0.029778] ;-2918;3697;9955
[13.861758 0.029610] ;-228;2685;10657
[13.872543 0.010785] ;806;2287;10878
[13.901520 0.028977] ;3506;1300;11396
[13.931382 0.029862] ;6382;237;11810
[13.941197 0.009815] ;7347;-122;11922
[13.972239 0.031042] ;10348;-1232;12148
[14.001378 0.029139] ;13001;-2200;12197
[14.050800 0.049422] ;17280;-3847;11897
[14.080576 0.029776] ;19592;-4752;11451
[14.100248 0.019673] ;20990;-5295;11050
[14.110102 0.009853] ;21636;-5565;10807
[14.121236 0.011134] ;22358;-5850;10488
[14.150062 0.028826] ;23903;-6447;9641
[14.179925 0.029863] ;25261;-6967;8571
[14.209667 0.029742] ;26273;-7305;7363
[14.220662 0.010994] ;26608;-7435;6857
[14.239003 0.018342] ;26993;-7542;6021
[14.249100 0.010096] ;27171;-7617;5566
[14.259197 0.010098] ;27326;-7635;5100
[14.270274 0.011076] ;27468;-5152;4486
[14.288826 0.018552] ;27566;-5160;3606
[14.298796 0.009971] ;27576;-5182;3083
[14.308920 0.010123] ;27563;-5172;2580
[14.319910 0.010990] ;27537;-5627;1915
[14.348644 0.028733] ;27188;-5552;448
[14.378328 0.029684] ;26601;-4607;-1203
[14.408445 0.030117] ;25693;-4490;-2770
[14.419326 0.010881] ;25322;-6912;-3413
[14.437917 0.018590] ;24488;-6600;-4342
[14.448115 0.010198] ;24015;-6430;-4852
[14.457926 0.009811] ;23508;-6242;-5342
[14.469069 0.011143] ;22931;-6092;-5933
[14.487636 0.018567] ;21783;-5692;-6816
[14.497471 0.009834] ;21151;-5475;-7280
[14.507733 0.010262] ;20468;-5260;-7723
[14.519010 0.011277] ;19685;-4995;-8195
[14.536995 0.017985] ;18258;-4542;-8927
[14.547230 0.010236] ;17481;-4302;-9312
[14.557045 0.009815] ;16663;-4032;-9661
[14.568271 0.011226] ;15713;-3735;-10091
[14.586947 0.018676] ;14056;-3240;-10685
[14.596682 0.009734] ;13127;-2965;-10973
[14.607082 0.010401] ;12186;-2705;-11266
[14.618301 0.011219] ;11123;-2415;-11578
[14.636533 0.018232] ;9286;-1907;-12028
[14.646909 0.010376] ;8288;-1647;-12238
[14.676337 0.029428] ;5220;-870;-12800
[14.706105 0.029768] ;2080;-97;-13232
[14.717046 0.010942] ;877;182;-13396
[14.725777 0.008731] ;-28;397;-13481
[14.735994 0.010218] ;-1072;632;-13573
[14.766889 0.030895] ;-4355;1397;-13740
[14.795467 0.028578] ;-7228;2057;-13742
[14.825475 0.030008] ;-10135;2710;-13608
[14.845140 0.019665] ;-11962;3120;-13407
[14.854960 0.009820] ;-12842;3312;-13278
[14.866269 0.011309] ;-13842;3525;-13121
[14.884965 0.018696] ;-15340;3867;-12770
[14.894714 0.009749] ;-16093;4052;-12565
[14.905041 0.010328] ;-16837;4220;-12322
[14.916206 0.011165] ;-17657;4432;-12040
[14.934636 0.018429] ;-18860;4677;-11495
[14.944471 0.009836] ;-19452;4805;-11178
[14.974642 0.030171] ;-21093;5152;-10100
[14.993912 0.019270] ;-21983;5325;-9285
[15.003956 0.010044] ;-22368;5380;-8865
[15.033807 0.029851] ;-23345;5580;-7426
[15.043596 0.009789] ;-23582;5592;-6933
[15.053949 0.010354] ;-23813;5627;-6432
[15.064756 0.010807] ;-24041;5665;-5830
[15.083284 0.018528] ;-24238;5670;-4827
[15.093191 0.009907] ;-24312;5647;-4296
[15.103483 0.010291] ;-24352;5620;-3721
[15.114534 0.011051] ;-24378;5565;-3040
[15.132957 0.018422] ;-24257;5462;-1988
[15.142851 0.009894] ;-24125;5390;-1443
[15.153436 0.010585] ;-23975;5317;-862
[15.163999 0.010563] ;-23798;5240;-178
[15.192557 0.028558] ;-23026;4905;1453
[15.222406 0.029849] ;-21902;4457;3181
[15.252248 0.029842] ;-20431;3987;4795
[15.263558 0.011311] ;-19798;3772;5423
[15.281825 0.018267] ;-18603;3385;6370
[15.291746 0.009921] ;-17916;3182;6846
[15.301956 0.010209] ;-17212;2962;7310
[15.313093 0.011137] ;-16357;2690;7830
[15.341970 0.028877] ;-13950;2000;9020
[15.371589 0.029619] ;-11200;1225;10118
[15.390763 0.019175] ;-9236;690;10726
[15.400832 0.010069] ;-8197;417;11031
[15.430524 0.029692] ;-5048;-402;11745
[15.440637 0.010113] ;-3951;-677;11943
[15.450768 0.010131] ;-2865;-960;12123
[15.480343 0.029575] ;466;-1775;12548
[15.490337 0.009994] ;1568;-2070;12668
[15.500520 0.010183] ;2693;-2332;12750
[15.511770 0.011250] ;3943;-2662;12810
[15.530082 0.018312] ;5990;-3160;12878
[15.540149 0.010067] ;7052;-3440;12876
[15.550109 0.009960] ;8110;-3712;12856
[15.561428 0.011319] ;9301;-4022;12810
[15.579692 0.018264] ;11168;-4525;12687
[15.589897 0.010205] ;12141;-4785;12562
[15.599994 0.010097] ;13077;-5037;12437
[15.611252 0.011258] ;14151;-5322;12257
[15.629886 0.018634] ;15748;-5757;11903
[15.639994 0.010108] ;16568;-5997;11685
[15.669676 0.029682] ;18807;-6637;10851
[15.688991 0.019315] ;20110;-7005;10195
[15.699017 0.010026] ;20702;-7167;9813
[15.710328 0.011311] ;21383;-7312;9386
[15.719073 0.008745] ;21810;-7415;9033
[15.738795 0.019722] ;22696;-7662;8160
[15.748648 0.009854] ;23100;-7775;7688
[15.778598 0.029950] ;24036;-7987;6206
[15.788428 0.009830] ;24281;-8040;5666
[15.798521 0.010093] ;24471;-8070;5146
[15.809723 0.011202] ;24692;-8105;4508
[15.828264 0.018542] ;24861;-8127;3476
[15.837950 0.009686] ;24906;-8117;2901
[15.848155 0.010205] ;24916;-8102;2317
[15.859316 0.011161] ;24895;-8080;1647
[15.877695 0.018380] ;24683;-8000;561
[15.887511 0.009815] ;24536;-7947;-26
[15.897667 0.010156] ;24355;-7875;-631
[15.927371 0.029704] ;23553;-7602;-2495
[15.937431 0.010060] ;23210;-7495;-3102
[15.947534 0.010103] ;22820;-7367;-3700
[15.958687 0.011153] ;22348;-7252;-4416
[15.977073 0.018387] ;21377;-6977;-5506
[15.987200 0.010127] ;20818;-6802;-6105
[15.997157 0.009958] ;20215;-6625;-6677
[16.008586 0.011429] ;19487;-6445;-7298
[16.026774 0.018188] ;18121;-6060;-8276
[16.036693 0.009919] ;17330;-5835;-8791
[16.046684 0.009991] ;16505;-5622;-9285
[16.057821 0.011137] ;15527;-5372;-9853
[16.076441 0.018620] ;13773;-4927;-10675
[16.086431 0.009990] ;12787;-4697;-11100
[16.096679 0.010248] ;11777;-4430;-11497
[16.107951 0.011272] ;10570;-4167;-11960
[16.126178 0.018226] ;8502;-3700;-12597
[16.136069 0.009891] ;7350;-3430;-12916
[16.166215 0.030146] ;3801;-2685;-13733
[16.195578 0.029363] ;97;-1910;-14357
[16.207020 0.011442] ;-1326;-1635;-14567
[16.225250 0.018230] ;-3648;-1167;-14805
[16.235187 0.009936] ;-4908;-920;-14902
[16.245081 0.009895] ;-6148;-695;-14968
[16.256254 0.011173] ;-7540;-412;-15042
[16.265188 0.008934] ;-8568;-210;-15052
[16.295171 0.029984] ;-12072;490;-14952
[16.306496 0.011325] ;-13367;730;-14876
[16.324945 0.018449] ;-15323;1127;-14625
[16.334894 0.009948] ;-16347;1327;-14447
[16.344848 0.009954] ;-17322;1510;-14238
[16.355996 0.011148] ;-18396;1725;-13960
[16.374504 0.018509] ;-19967;2035;-13410
[16.384797 0.010293] ;-20750;2172;-13077
[16.434221 0.049424] ;-23991;2760;-10938
[16.464104 0.029883] ;-25335;2945;-9361
[16.494056 0.029952] ;-26230;3005;-7622
[16.505097 0.011041] ;-26493;3010;-6955
[16.523523 0.018425] ;-26693;2937;-5827
[16.533200 0.009677] ;-26751;2900;-5187
[16.543372 0.010172] ;-26772;2820;-4543
[16.554622 0.011250] ;-26767;2727;-3742
[16.572922 0.018299] ;-26551;2545;-2536
[16.582878 0.009956] ;-26363;2425;-1896
[16.593220 0.010342] ;-26147;2270;-1268
[16.604108 0.010888] ;-25881;2062;-405
[16.632967 0.028858] ;-24785;1570;1441
[16.662439 0.029472] ;-23233;795;3328
[16.692536 0.030098] ;-21256;-5;5072
[16.703365 0.010829] ;-20415;-340;5726
[16.712327 0.008961] ;-19682;-597;6153
[16.742100 0.029774] ;-16992;-1580;7552
[16.753247 0.011146] ;-15922;-1992;8047
[16.771478 0.018232] ;-13982;-2645;8756
[16.781652 0.010173] ;-12908;-2995;9075
[16.791538 0.009886] ;-11798;-3367;9391
[16.802800 0.011262] ;-10546;-3790;9710
[16.821319 0.018519] ;-8395;-4457;10190
[16.831068 0.009749] ;-7200;-4840;10391
[16.841247 0.010179] ;-6016;-5215;10578
[16.852481 0.011234] ;-4671;-5642;10742
[16.881358 0.028877] ;-1225;-6697;11082
[16.911124 0.029766] ;2306;-7800;11230
[16.940804 0.029680] ;5705;-8872;11183
[16.951696 0.010892] ;6971;-9257;11107
[16.970148 0.018451] ;8916;-9855;10950
[16.980328 0.010180] ;9905;-10162;10823
[16.990503 0.010175] ;10867;-10472;10671
[17.002007 0.011504] ;11962;-10785;10475
[17.020170 0.018163] ;13546;-11267;10070
[17.051202 0.031032] ;15970;-11950;9260
[17.069503 0.018301] ;17143;-12240;8682
[17.079764 0.010262] ;17707;-12370;8315
[17.089698 0.009934] ;18240;-12467;7950
[17.100797 0.011099] ;18796;-12550;7522
[17.119228 0.018431] ;19503;-12607;6737
[17.129567 0.010339] ;19832;-12605;6252
[17.159424 0.029857] ;20500;-12452;4786
[17.189171 0.029747] ;20702;-12140;3146
[17.200188 0.011018] ;20692;-11982;2513
[17.218995 0.018807] ;20450;-11637;1421
[17.228702 0.009706] ;20252;-11420;825
[17.258685 0.029983] ;19316;-10765;-1023
[17.278219 0.019534] ;18387;-10195;-2268
[17.288091 0.009872] ;17857;-9870;-2915
[17.299193 0.011102] ;17206;-9517;-3582
[17.328225 0.029032] ;15105;-8520;-5282
[17.358116 0.029891] ;12490;-7420;-6936
[17.387873 0.029757] ;9381;-6300;-8416
[17.398434 0.010561] ;8122;-5885;-8913
[17.427380 0.028945] ;4680;-4835;-10036
[17.457080 0.029700] ;887;-3785;-10973
[17.486955 0.029875] ;-3057;-2785;-11620
[17.498086 0.011131] ;-4592;-2437;-11818
[17.516443 0.018357] ;-7040;-1870;-12001
[17.526584 0.010142] ;-8326;-1580;-12050
[17.536712 0.010128] ;-9610;-1287;-12047
[17.547940 0.011228] ;-11050;-967;-12050
[17.566243 0.018303] ;-13277;-467;-11873
[17.576248 0.010005] ;-14430;-225;-11712
[17.586053 0.009804] ;-15537;22;-11508
[17.597471 0.011418] ;-16761;295;-11246
[17.615917 0.018446] ;-18567;705;-10655
[17.625689 0.009772] ;-19450;902;-10262
[17.635804 0.010115] ;-20283;1095;-9841
[17.646927 0.011123] ;-21222;1290;-9322
[17.675572 0.028645] ;-23052;1685;-7756
[17.705357 0.029785] ;-24476;2042;-5800
[17.735238 0.029881] ;-25315;2242;-3620
[17.746395 0.011158] ;-25546;2320;-2663
[17.764751 0.018355] ;-25615;2362;-1247
[17.774806 0.010056] ;-25586;2375;-443
[17.784823 0.010016] ;-25481;2367;375
[17.795870 0.011047] ;-25335;2345;1416
[17.824779 0.028909] ;-24476;2242;3800
[17.854464 0.029685] ;-23047;2032;6333
[17.884236 0.029772] ;-20985;1747;8685
[17.895166 0.010930] ;-20075;1615;9560
[17.913615 0.018449] ;-18325;1372;10881
[17.923903 0.010288] ;-17296;1232;11541
[17.933854 0.009951] ;-16210;1095;12140
[17.945252 0.011398] ;-14933;945;12853
[17.963274 0.018022] ;-12608;675;13842
[17.973201 0.009927] ;-11287;530;14320
[17.983243 0.010043] ;-9916;382;14777
[17.994400 0.011156] ;-8347;192;15273
[18.023224 0.028824] ;-4100;-247;16271
[18.033076 0.009852] ;-2577;-400;16548
[18.044105 0.011029] ;-843;-590;16788
[18.073107 0.029002] ;3585;-1040;17281
[18.102751 0.029644] ;8136;-1512;17477
[18.122216 0.019465] ;11031;-1835;17417
[18.132341 0.010124] ;12431;-1987;17303
[18.143615 0.011275] ;13992;-2177;17142
[18.162090 0.018475] ;16338;-2437;16742
[18.172127 0.010037] ;17531;-2580;16463
[18.182111 0.009984] ;18651;-2727;16123
[18.193334 0.011223] ;19898;-2890;15668
[18.212227 0.018893] ;21650;-3130;14821
[18.222000 0.009773] ;22506;-3247;14290
[18.251757 0.029757] ;24697;-3557;11197
[18.281745 0.029988] ;26242;-3775;9416
[18.292648 0.010902] ;26736;-3882;9666
[18.311071 0.018423] ;27238;-3975;8290
[18.321381 0.010310] ;27445;-4010;7525
[18.331053 0.009672] ;27571;-4030;6756
[18.342239 0.011186] ;27708;-4065;5871
[18.360482 0.018242] ;27656;-4077;4405
[18.370734 0.010252] ;27556;-4067;3582
[18.380639 0.009905] ;27416;-4030;2797
[18.391718 0.011079] ;27210;-3777;1843
[18.420536 0.028818] ;26223;-3607;-268
[18.430611 0.010075] ;25788;-3505;-980
[18.441807 0.011195] ;25265;-3512;-1887
[18.460051 0.018244] ;24151;-3250;-3132
[18.469890 0.009839] ;23478;-3070;-3783
[18.480134 0.010244] ;22762;-2905;-4391
[18.491310 0.011176] ;21897;-2677;-5100
[18.509770 0.018461] ;20291;-2257;-6075
[18.519765 0.009994] ;19390;-2005;-6571
[18.529706 0.009942] ;18427;-1735;-6998
[18.540834 0.011128] ;17306;-1440;-7458
[18.559532 0.018698] ;15321;-880;-8058
[18.569034 0.009501] ;14230;-575;-8352
[18.579250 0.010216] ;13117;-240;-8603
[18.608701 0.029451] ;9697;777;-9146
[18.618840 0.010139] ;8550;1150;-9243
[18.628843 0.010004] ;7390;1515;-9342
[18.639938 0.011094] ;6080;1937;-9423
[18.668658 0.028720] ;2845;3060;-9418
[18.678728 0.010070] ;1731;3445;-9368
[18.689585 0.010857] ;490;3882;-9315
[18.718436 0.028851] ;-2432;5000;-8987
[18.748080 0.029644] ;-5227;6142;-8486
[18.777893 0.029813] ;-7658;7185;-7843
[18.789098 0.011204] ;-8505;7547;-7576
[18.817840 0.028743] ;-10301;8362;-6805
[18.847699 0.029859] ;-11770;9020;-5911
[18.877503 0.029804] ;-12832;9415;-4950
[18.888334 0.010831] ;-13146;9522;-4576
[18.906830 0.018495] ;-13457;9572;-3938
[18.916904 0.010074] ;-13546;9550;-3587
[18.927082 0.010178] ;-13617;9492;-3250
[18.938071 0.010989] ;-13657;9420;-2838
[18.956596 0.018525] ;-13520;9167;-2176
[18.966827 0.010231] ;-13398;8980;-1816
[18.976753 0.009927] ;-13225;8777;-1473
[18.987853 0.011100] ;-12990;8497;-1070
[19.016340 0.028487] ;-12093;7607;-78
[19.026584 0.010244] ;-11690;7232;247
[19.037460 0.010876] ;-11213;6780;633
[19.055788 0.018328] ;-10270;5970;1233
[19.065640 0.009852] ;-9721;5490;1525
[19.075788 0.010148] ;-9130;4975;1822
[19.105476 0.029688] ;-7187;3347;2656
[19.115300 0.009824] ;-6482;2775;2915
[19.125640 0.010340] ;-5755;2175;3165
[19.136691 0.011050] ;-4920;1460;3421
[19.165276 0.028585] ;-2655;-362;4021
[19.175289 0.010012] ;-1821;-1017;4195
[19.186449 0.011160] ;-890;-1772;4383
[19.215217 0.028768] ;1505;-3672;4800
[19.244761 0.029544] ;4057;-5640;5102
[19.254802 0.010041] ;4893;-6292;5192
[19.285537 0.030735] ;7492;-8237;5317
[19.314249 0.028712] ;9700;-9897;5326
[19.324492 0.010243] ;10430;-10445;5296
[19.335693 0.011201] ;11258;-10997;5238
[19.354317 0.018623] ;12476;-11875;5123
[19.364228 0.009912] ;13087;-12317;5015
[19.394361 0.030133] ;14738;-13482;4645
[19.413490 0.019129] ;15611;-14065;4347
[19.423970 0.010480] ;15993;-14322;4146
[19.434709 0.010740] ;15858;-14535;3925
[19.453171 0.018462] ;16345;-14815;3543
[19.463311 0.010140] ;16542;-14907;3312
[19.473515 0.010203] ;16711;-14957;3083
[19.484458 0.010944] ;17393;-14985;2825
[19.503189 0.018731] ;17462;-14910;2358
[19.513374 0.010185] ;17457;-14820;2108
[19.543081 0.029707] ;17165;-14380;1315
[19.562664 0.019583] ;16745;-13892;773
[19.572310 0.009646] ;16466;-13595;483
[19.602221 0.029911] ;15480;-12565;-335
[19.612584 0.010363] ;15068;-12127;-596
[19.622395 0.009811] ;14622;-11667;-873
[19.633800 0.011405] ;14090;-11175;-1152
[19.652095 0.018295] ;13087;-10195;-1612
[19.662158 0.010063] ;12510;-9642;-1871
[19.692085 0.029927] ;10636;-7927;-2571
[19.721673 0.029588] ;8587;-6052;-3225
[19.733167 0.011494] ;7775;-5340;-3465
[19.761367 0.028200] ;5657;-3477;-4005
[19.790969 0.029602] ;3395;-1562;-4511
[19.820749 0.029780] ;1115;317;-4950
[19.831503 0.010755] ;231;995;-5118
[19.840557 0.009053] ;-407;1502;-5243
[19.850607 0.010050] ;-1175;2085;-5361
[19.881685 0.031078] ;-3490;3765;-5705
[19.890318 0.008633] ;-4110;4190;-5788
[19.920450 0.030133] ;-6185;5532;-6028
[19.931182 0.010732] ;-6928;6005;-6088
[19.949703 0.018520] ;-8102;6652;-6181
[19.959658 0.009955] ;-8687;6960;-6206
[19.969563 0.009905] ;-9275;7240;-6238
[19.999443 0.029881] ;-10870;7882;-6230
[20.009970 0.010526] ;-11342;8022;-6206
[20.019722 0.009752] ;-11803;8122;-6170
[20.030722 0.011000] ;-12302;8227;-6123
[20.049109 0.018387] ;-12980;8242;-5980
[20.059304 0.010195] ;-13325;8207;-5890
[20.069103 0.009799] ;-13617;8140;-5786
[20.080208 0.011105] ;-13945;8015;-5663
[20.098716 0.018508] ;-14335;7702;-5358
[20.108754 0.010038] ;-14515;7485;-5195
[20.118688 0.009934] ;-14638;7240;-5015
[20.129902 0.011214] ;-14775;6920;-4795
[20.148350 0.018448] ;-14828;6305;-4361
[20.158416 0.010066] ;-14817;5942;-4102
[20.168515 0.010099] ;-14772;5530;-3836
[20.179572 0.011057] ;-14691;5032;-3516
[20.208292 0.028719] ;-14211;3665;-2645
[20.237994 0.029702] ;-13377;2052;-1612
[20.267802 0.029808] ;-12193;317;-566
[20.278980 0.011179] ;-11685;-360;-162
[20.307471 0.028491] ;-10125;-2085;820
[20.317675 0.010204] ;-9536;-2700;1155
[20.328508 0.010833] ;-8840;-3415;1522
[20.346808 0.018300] ;-7582;-4540;2100
[20.356893 0.010085] ;-6888;-5145;2393
[20.366948 0.010055] ;-6182;-5740;2661
[20.396689 0.029741] ;-3943;-7470;3383
[20.406728 0.010039] ;-3182;-8035;3610
[20.416712 0.009984] ;-2398;-8582;3792
[20.427750 0.011037] ;-1547;-9170;4001
[20.456763 0.029013] ;647;-10602;4418
[20.486602 0.029839] ;2862;-11942;4693
[20.516227 0.029625] ;4911;-13095;4811
[20.527191 0.010964] ;5638;-13460;4800
[20.545673 0.018482] ;6728;-14022;4788
[20.555543 0.009870] ;7276;-14277;4748
[20.565755 0.010211] ;7791;-14510;4688
[20.576650 0.010895] ;8347;-14732;4606
[20.595159 0.018509] ;9112;-15027;4448
[20.605205 0.010045] ;9481;-15147;4328
[20.615493 0.010288] ;9810;-15232;4231
[20.626766 0.011273] ;10168;-15292;4102
[20.676058 0.049292] ;11038;-15072;3356
[20.704992 0.028934] ;11102;-14580;2818
[20.734822 0.029831] ;10855;-13842;2181
[20.754262 0.019440] ;10485;-13195;1721
[20.764216 0.009954] ;10248;-12827;1478
[20.775431 0.011214] ;9950;-12402;1211
[20.804136 0.028705] ;8932;-11137;490
[20.833883 0.029747] ;7563;-9685;-263
[20.844028 0.010145] ;7050;-9165;-511
[20.853714 0.009686] ;6493;-8610;-753
[20.883691 0.029977] ;4680;-6945;-1437
[20.893605 0.009913] ;4038;-6347;-1653
[20.924503 0.030899] ;1871;-4525;-2255
[20.953110 0.028607] ;-238;-2817;-2726
[20.962947 0.009837] ;-985;-2217;-2841
[20.974173 0.011226] ;-1856;-1552;-2975
[20.992304 0.018131] ;-3261;-462;-3135
[21.002421 0.010116] ;-4012;107;-3201
[21.012213 0.009793] ;-4782;675;-3250
[21.042032 0.029818] ;-6978;2305;-3315
[21.051931 0.009899] ;-7685;2827;-3273
[21.062061 0.010130] ;-8376;3332;-3241
[21.091799 0.029738] ;-10320;4770;-2998
[21.102062 0.010263] ;-10921;5202;-2873
[21.111973 0.009911] ;-11485;5615;-2740
[21.123039 0.011066] ;-12120;6080;-2573
[21.141689 0.018650] ;-13013;6750;-2206
[21.151644 0.009955] ;-13446;7067;-1993
[21.161782 0.010138] ;-13842;7370;-1776
[21.172710 0.010928] ;-14277;7690;-1503
[21.191081 0.018371] ;-14826;8110;-986
[21.200900 0.009820] ;-15057;8297;-705
[21.211238 0.010338] ;-15240;8460;-391
[21.221984 0.010746] ;-15450;8630;-26
[21.231038 0.009053] ;-15527;8707;255
[21.241106 0.010068] ;-15595;8802;603
[21.272192 0.031087] ;-15527;8870;1778
[21.301002 0.028810] ;-15010;8697;2922
[21.330691 0.029688] ;-14052;8300;4192
[21.360353 0.029662] ;-12673;7687;5446
[21.371277 0.010925] ;-12060;7415;5917
[21.389800 0.018523] ;-10850;6897;6685
[21.399789 0.009988] ;-10156;6597;7088
[21.409775 0.009987] ;-9402;6282;7476
[21.420702 0.010927] ;-8537;5907;7913
[21.449748 0.029046] ;-6035;4910;8936
[21.459473 0.009726] ;-5106;4547;9273
[21.470834 0.011361] ;-4010;4107;9636
[21.488890 0.018055] ;-2092;3382;10195
[21.499169 0.010279] ;-1048;2987;10465
[21.508987 0.009818] ;22;2582;10715
[21.520059 0.011072] ;1257;2110;10982
[21.529078 0.009020] ;2203;1760;11165
[21.548322 0.019244] ;4455;925;11551
[21.558439 0.010117] ;5595;517;11715
[21.588460 0.030020] ;9003;-742;12063
[21.598667 0.010207] ;10111;-1142;12146
[21.608630 0.009963] ;11228;-1565;12188
[21.619813 0.011183] ;12490;-2012;12206
[21.638108 0.018295] ;14448;-2762;12176
[21.648239 0.010131] ;15482;-3152;12112
[21.658500 0.010261] ;16473;-3525;12026
[21.669553 0.011053] ;17600;-3970;11865
[21.687991 0.018438] ;19273;-4617;11546
[21.698200 0.010208] ;20117;-4970;11308
[21.727974 0.029774] ;22451;-5865;10437
[21.757833 0.029859] ;24326;-6580;9333
[21.769279 0.011446] ;24921;-6870;8837
[21.787245 0.017966] ;25765;-7182;7991
[21.797331 0.010087] ;26158;-7307;7483
[21.807205 0.009874] ;26475;-7440;6980
[21.818669 0.011463] ;26853;-7517;6333
[21.836772 0.018103] ;27252;-7645;5315
[21.846839 0.010067] ;27395;-7695;4737
[21.856866 0.010027] ;27492;-7710;4141
[21.868031 0.011164] ;27590;-1962;3353
[21.896831 0.028800] ;27468;-1947;1590
[21.926567 0.029736] ;26952;-6377;-358
[21.956476 0.029909] ;25992;-6087;-2271
[21.967747 0.011271] ;25555;-7017;-3108
[21.985839 0.018091] ;24586;-6642;-4261
[21.995845 0.010006] ;23998;-6422;-4890
[22.006182 0.010337] ;23357;-6200;-5483
[22.017211 0.011029] ;22617;-5955;-6225
[22.035544 0.018333] ;21158;-5470;-7280
[22.045796 0.010252] ;20307;-5190;-7827
[22.056871 0.011075] ;19418;-4870;-8350
[22.066853 0.009983] ;18380;-4560;-8908
[22.085161 0.018308] ;16497;-3982;-9747
[22.095360 0.010199] ;15447;-3640;-10178
[22.105711 0.010352] ;14343;-3330;-10573
[22.116745 0.011033] ;13067;-2942;-11020
[22.135177 0.018432] ;10867;-2337;-11638
[22.145036 0.009860] ;9647;-2012;-11941
[22.155026 0.009990] ;8416;-1682;-12225
[22.166340 0.011314] ;7002;-1315;-12525
[22.184471 0.018131] ;4616;-712;-12900
[22.194659 0.010188] ;3316;-387;-13082
[22.204494 0.009835] ;2032;-75;-13246
[22.215426 0.010931] ;550;265;-13437
[22.224262 0.008836] ;-568;517;-13535
[22.234292 0.010030] ;-1861;822;-13633
[22.265296 0.031004] ;-5850;1732;-13763
[22.294059 0.028762] ;-9315;2535;-13666
[22.323994 0.029936] ;-12695;3267;-13308
[22.343539 0.019545] ;-14767;3737;-12916
[22.353596 0.010057] ;-15732;3962;-12663
[22.364853 0.011257] ;-16811;4197;-12358
[22.383248 0.018395] ;-18375;4535;-11742
[22.393508 0.010260] ;-19147;4707;-11366
[22.403195 0.009686] ;-19872;4855;-10957
[22.414577 0.011383] ;-20663;5025;-10481
[22.432943 0.018365] ;-21728;5235;-9581
[22.442886 0.009943] ;-22230;5320;-9072
[22.453024 0.010138] ;-22698;5397;-8522
[22.464207 0.011183] ;-23162;5517;-7851
[22.482639 0.018432] ;-23732;5592;-6735
[22.492670 0.010031] ;-23965;5602;-6123
[22.502556 0.009886] ;-24143;5612;-5492
[22.513769 0.011213] ;-24322;5620;-4688
[22.532096 0.018327] ;-24393;5565;-3451
[22.542171 0.010075] ;-24365;5527;-2772
[22.552225 0.010054] ;-24281;5450;-2042
[22.563604 0.011379] ;-24148;5362;-1271
[22.581647 0.018044] ;-23706;5192;21
[22.591518 0.009871] ;-23395;5072;705
[22.601615 0.010097] ;-23043;4937;1397
[22.631536 0.029922] ;-21705;4415;3435
[22.641369 0.009833] ;-21130;4220;4086
[22.651568 0.010199] ;-20507;4025;4710
[22.662738 0.011170] ;-19761;3770;5465
[22.681012 0.018274] ;-18316;3307;6573
[22.690922 0.009910] ;-17488;3042;7118
[22.701274 0.010352] ;-16595;2775;7663
[22.712308 0.011034] ;-15580;2457;8260
[22.730729 0.018421] ;-13688;1922;9151
[22.740799 0.010070] ;-12621;1617;9601
[22.750710 0.009911] ;-11508;1312;10012
[22.761961 0.011251] ;-10237;960;10435
[22.790366 0.028405] ;-6767;55;11375
[22.800460 0.010094] ;-5500;-260;11633
[22.811433 0.010973] ;-4076;-642;11920
[22.829805 0.018372] ;-1666;-1257;12303
[22.839955 0.010150] ;-360;-1580;12461
[22.849832 0.009876] ;956;-1905;12595
[22.861098 0.011266] ;2451;-2287;12720
[22.889935 0.028837] ;6135;-3220;12881
[22.919737 0.029802] ;9861;-4180;12783
[22.949578 0.029841] ;13296;-5105;12377
[22.960745 0.011168] ;14546;-5432;12158
[22.979225 0.018480] ;16395;-5945;11712
[22.989220 0.009995] ;17336;-6220;11418
[23.019210 0.029990] ;19832;-6917;10338
[23.038871 0.019660] ;21220;-7290;9442
[23.048491 0.009620] ;21836;-7437;8936
[23.078306 0.029816] ;23228;-7827;7382
[23.088555 0.010249] ;23611;-7912;6813
[23.098702 0.010147] ;23938;-7975;6176
[23.109625 0.010923] ;24393;-8077;5426
[23.127905 0.018281] ;24716;-8135;4208
[23.138388 0.010483] ;24828;-8140;3536
[23.148111 0.009723] ;24871;-8130;2848
[23.159149 0.011038] ;24911;-8127;2005
[23.187924 0.028775] ;24542;-7967;-37
[23.217804 0.029881] ;23690;-7677;-2222
[23.247509 0.029704] ;22287;-7225;-4418
[23.258764 0.011255] ;21646;-7050;-5263
[23.276931 0.018167] ;20320;-6662;-6560
[23.287380 0.010448] ;19527;-6447;-7250
[23.297051 0.009671] ;18677;-6205;-7892
[23.308202 0.011151] ;17662;-5945;-8606
[23.326673 0.018471] ;15775;-5445;-9712
[23.336899 0.010226] ;14677;-5157;-10257
[23.346941 0.010042] ;13538;-4867;-10800
[23.358004 0.011063] ;12181;-4537;-11366
[23.376424 0.018420] ;9802;-3997;-12186
[23.386413 0.009989] ;8476;-3705;-12587
[23.396493 0.010080] ;7123;-3387;-12955
[23.407668 0.011175] ;5550;-3050;-13375
[23.426231 0.018563] ;2883;-2480;-13911
[23.435948 0.009717] ;1443;-2185;-14153
[23.446035 0.010087] ;-26;-1875;-14361
[23.457436 0.011401] ;-1692;-1557;-14611
[23.475699 0.018262] ;-4402;-1002;-14842
[23.485757 0.010058] ;-5845;-725;-14938
[23.495615 0.009859] ;-7271;-445;-14998
[23.506662 0.011046] ;-8880;-142;-15058
[23.535553 0.028891] ;-12671;595;-14918
[23.565557 0.030004] ;-16293;1325;-14437
[23.584830 0.019273] ;-18425;1737;-13911
[23.595094 0.010264] ;-19413;1947;-13601
[23.605931 0.010837] ;-20500;2147;-13195
[23.634928 0.028997] ;-22715;2555;-11938
[23.684583 0.049655] ;-25433;2952;-9183
[23.714162 0.029579] ;-26366;3012;-7263
[23.744139 0.029977] ;-26762;2907;-5252
[23.755105 0.010967] ;-26803;2830;-4397
[23.773354 0.018249] ;-26646;2672;-3100
[23.783469 0.010115] ;-26501;2537;-2402
[23.793406 0.009937] ;-26303;2400;-1732
[23.804608 0.011202] ;-26052;2170;-841
[23.822916 0.018307] ;-25391;1847;451
[23.832890 0.009975] ;-24953;1660;1127
[23.842977 0.010086] ;-24497;1445;1792
[23.854285 0.011309] ;-23943;1115;2596
[23.862910 0.008624] ;-23416;905;3143
[23.892838 0.029929] ;-21351;75;4947
[23.903819 0.010980] ;-20497;-307;5666
[23.932739 0.028921] ;-17933;-1230;7113
[23.962589 0.029849] ;-14907;-2315;8410
[23.992460 0.029872] ;-11572;-3420;9458
[24.003265 0.010805] ;-10272;-3875;9777
[24.021963 0.018698] ;-8025;-4587;10236
[24.031648 0.009685] ;-6815;-4962;10442
[24.041713 0.010065] ;-5581;-5350;10620
[24.052788 0.011075] ;-4195;-5777;10791
[24.071293 0.018505] ;-1887;-6500;11031
[24.081445 0.010153] ;-661;-6890;11118
[24.091170 0.009724] ;566;-7272;11167
[24.102652 0.011482] ;1926;-7690;11213
[24.131452 0.028800] ;5286;-8737;11197
[24.161133 0.029681] ;8582;-9757;10966
[24.191444 0.030311] ;11575;-10695;10546
[24.202161 0.010717] ;12628;-10995;10315
[24.220667 0.018506] ;14192;-11462;9867
[24.251924 0.031257] ;16526;-12097;8996
[24.269933 0.018010] ;17628;-12367;8352
[24.280132 0.010199] ;18180;-12465;7980
[24.290456 0.010324] ;18662;-12547;7571
[24.301373 0.010917] ;19200;-12602;7110
[24.339488 0.038116] ;20310;-12532;5298
[24.369313 0.029824] ;20690;-12260;3696
[24.379596 0.010283] ;20700;-12137;3102
[24.389675 0.010079] ;20657;-11955;2525
[24.400755 0.011081] ;20581;-11805;1876
[24.419076 0.018321] ;20193;-11417;748
[24.429276 0.010201] ;19938;-11190;116
[24.459027 0.029751] ;18791;-10445;-1767
[24.488949 0.029922] ;17087;-9470;-3661
[24.499891 0.010942] ;16338;-9090;-4347
[24.518400 0.018510] ;14862;-8400;-5451
[24.528337 0.009937] ;14000;-8030;-6053
[24.538430 0.010093] ;13080;-7660;-6592
[24.549680 0.011250] ;11983;-7247;-7206
[24.567931 0.018251] ;10023;-6525;-8135
[24.578066 0.010135] ;8911;-6137;-8598
[24.587784 0.009719] ;7748;-5755;-9045
[24.598902 0.011118] ;6391;-5347;-9525
[24.628052 0.029150] ;2752;-4282;-10538
[24.657565 0.029513] ;-1225;-3255;-11358
[24.687266 0.029701] ;-5267;-2272;-11857
[24.698508 0.011241] ;-6802;-1925;-11996
[24.716782 0.018275] ;-9233;-1357;-12061
[24.727300 0.010518] ;-10532;-1075;-12058
[24.737269 0.009970] ;-11791;-797;-11998
[24.748270 0.011001] ;-13203;-497;-11890
[24.766584 0.018313] ;-15337;-10;-11548
[24.776769 0.010185] ;-16428;205;-11317
[24.786719 0.009949] ;-17462;432;-11028
[24.797972 0.011253] ;-18612;692;-10668
[24.816250 0.018278] ;-20243;1057;-9913
[24.826131 0.009881] ;-21040;1200;-9456
[24.836275 0.010144] ;-21778;1375;-8947
[24.847275 0.011001] ;-22591;1572;-8290
[24.865685 0.018409] ;-23616;1782;-7118
[24.875652 0.009967] ;-24110;1902;-6453
[24.886056 0.010404] ;-24510;1982;-5756
[24.897049 0.010993] ;-24953;2097;-4928
[24.926569 0.029519] ;-25522;2272;-2765
[24.955740 0.029171] ;-25596;2332;-212
[24.985077 0.029338] ;-25051;2265;2361
[24.996249 0.011172] ;-24737;2232;3413
[25.014971 0.018723] ;-23922;2117;4982
[25.024647 0.009675] ;-23400;2035;5795
[25.034811 0.010164] ;-22788;1980;6636
[25.045901 0.011090] ;-22076;1842;7606
[25.074963 0.029062] ;-19725;1550;9818
[25.104589 0.029626] ;-16676;1152;11922
[25.124029 0.019440] ;-14290;860;13118
[25.133928 0.009899] ;-13006;715;13660
[25.163841 0.029912] ;-8875;257;15107
[25.173724 0.009884] ;-7413;105;15507
[25.183531 0.009807] ;-5918;-50;15870
[25.194645 0.011114] ;-4197;-247;16246
[25.223520 0.028875] ;290;-695;16978
[25.233567 0.010047] ;1871;-862;17145
[25.244532 0.010965] ;3651;-1050;17292
[25.262959 0.018427] ;6548;-1340;17463
[25.273187 0.010229] ;8062;-1500;17500
[25.282908 0.009721] ;9565;-1665;17472
[25.294187 0.011279] ;11245;-1847;17398
[25.312757 0.018570] ;13833;-2152;17175
[25.322795 0.010038] ;15142;-2290;16976
[25.333021 0.010226] ;16402;-2437;16728
[25.344034 0.011013] ;17823;-2605;16396
[25.362486 0.018452] ;19846;-2860;15712
[25.372709 0.010223] ;20853;-2995;15235
[25.404215 0.031506] ;23487;-3290;13601
[25.421859 0.017644] ;24850;-3467;12377
[25.432059 0.010200] ;25433;-3542;11680
[25.443287 0.011228] ;26050;-3750;10900
[25.461490 0.018203] ;26772;-3860;9522
[25.471396 0.009906] ;27067;-3925;8777
[25.481799 0.010403] ;27328;-3987;8007
[25.492760 0.010961] ;27571;-4040;7118
[25.561013 0.068253] ;27076;-3920;1527
[25.571107 0.010094] ;26762;-3850;776
[25.580814 0.009707] ;26398;-3770;35
[25.591940 0.011127] ;25955;-3632;-903
[25.620910 0.028970] ;24336;-3262;-2920
[25.650951 0.030041] ;22166;-2737;-4895
[25.680747 0.029796] ;19516;-2022;-6483
[25.691670 0.010923] ;18427;-1730;-7031
[25.710020 0.018350] ;16478;-1197;-7735
[25.719916 0.009897] ;15366;-892;-8070
[25.729985 0.010068] ;14258;-552;-8352
[25.740963 0.010978] ;12956;-192;-8675
[25.769482 0.028519] ;9576;822;-9192
[25.779502 0.010020] ;8383;1197;-9317
[25.790724 0.011222] ;7002;1637;-9410
[25.809224 0.018500] ;4782;2357;-9481
[25.819088 0.009864] ;3608;2747;-9467
[25.828960 0.009872] ;2462;3155;-9440
[25.858823 0.029864] ;-853;4387;-9225
[25.868819 0.009996] ;-1908;4775;-9100
[25.878802 0.009983] ;-2923;5182;-8941
[25.889966 0.011164] ;-4055;5620;-8772
[25.918840 0.028875] ;-6633;6710;-8190
[25.928447 0.009607] ;-7440;7057;-7950
[25.939614 0.011166] ;-8331;7450;-7677
[25.958005 0.018392] ;-9600;8010;-7151
[25.968150 0.010145] ;-10218;8295;-6871
[25.978008 0.009858] ;-10783;8550;-6571
[25.989392 0.011384] ;-11382;8817;-6208
[26.018303 0.028911] ;-12521;9332;-5266
[26.047688 0.029385] ;-13331;9560;-4238
[26.077945 0.030257] ;-13638;9497;-3165
[26.088727 0.010782] ;-13652;9395;-2746
[26.107051 0.018324] ;-13483;9112;-2053
[26.117177 0.010126] ;-13338;8922;-1683
[26.127307 0.010129] ;-13130;8680;-1317
[26.138177 0.010870] ;-12882;8377;-912
[26.156755 0.018578] ;-12262;7762;-236
[26.166601 0.009846] ;-11870;7400;118
[26.176682 0.010082] ;-11440;6995;451
[26.206332 0.029650] ;-9868;5605;1451
[26.216214 0.009882] ;-9277;5100;1767
[26.226202 0.009989] ;-8637;4555;2075
[26.237267 0.011065] ;-7898;3915;2386
[26.266315 0.029047] ;-5792;2180;3157
[26.276057 0.009742] ;-5011;1545;3397
[26.287045 0.010988] ;-4110;795;3650
[26.316112 0.029067] ;-1705;-1125;4225
[26.345359 0.029247] ;908;-3192;4710
[26.355679 0.010320] ;1787;-3875;4838
[26.386629 0.030950] ;4573;-6025;5148
[26.414928 0.028299] ;7036;-7897;5303
[26.425106 0.010178] ;7870;-8540;5340
[26.436466 0.011360] ;8818;-9222;5337
[26.454594 0.018128] ;10266;-10307;5293
[26.464899 0.010305] ;11023;-10867;5243
[26.474980 0.010081] ;11737;-11397;5190
[26.486161 0.011181] ;12537;-11937;5102
[26.504545 0.018384] ;13697;-12770;4911
[26.514417 0.009872] ;14258;-13182;4778
[26.544356 0.029939] ;15732;-14132;4285
[26.574417 0.030061] ;16742;-14742;3670
[26.585497 0.011080] ;17032;-14865;3393
[26.603906 0.018409] ;17312;-14977;2945
[26.613966 0.010060] ;17401;-14987;2682
[26.643818 0.029852] ;17388;-14732;1868
[26.663302 0.019484] ;17132;-14377;1301
[26.673545 0.010243] ;16930;-14122;1002
[26.684424 0.010879] ;16697;-13845;680
[26.713341 0.028916] ;15693;-12767;-171
[26.743172 0.029832] ;14325;-11407;-1005
[26.762561 0.019389] ;13208;-10305;-1555
[26.772801 0.010240] ;12585;-9730;-1827
[26.783806 0.011005] ;11856;-9067;-2125
[26.792770 0.008964] ;11263;-8530;-2342
[26.812141 0.019371] ;9852;-7215;-2813
[26.822226 0.010085] ;9117;-6535;-3051
[26.851855 0.029629] ;6807;-4482;-3696
[26.862035 0.010180] ;6008;-3775;-3906
[26.871803 0.009768] ;5196;-3085;-4083
[26.883004 0.011201] ;4271;-2307;-4312
[26.892068 0.009064] ;3556;-1720;-4473
[26.921527 0.029459] ;1096;325;-4963
[26.932806 0.011279] ;165;1062;-5121
[26.961398 0.028592] ;-2148;2817;-5495
[26.971343 0.009945] ;-2928;3387;-5608
[26.982340 0.010997] ;-3825;4017;-5737
[27.000691 0.018351] ;-5231;4967;-5908
[27.010942 0.010251] ;-5968;5430;-5985
[27.020681 0.009739] ;-6662;5857;-6053
[27.032050 0.011369] ;-7461;6327;-6123
[27.040806 0.008756] ;-8038;6655;-6173
[27.070796 0.029990] ;-9881;7520;-6225
[27.081679 0.010882] ;-10541;7785;-6230
[27.100070 0.018391] ;-11477;8092;-6187
[27.110456 0.010387] ;-11943;8180;-6143
[27.120433 0.009977] ;-12371;8245;-6088
[27.131697 0.011263] ;-12871;8270;-6012
[27.149699 0.018003] ;-13505;8175;-5816
[27.159908 0.010209] ;-13790;8087;-5698
[27.169782 0.009874] ;-14063;7917;-5562
[27.180936 0.011153] ;-14335;7710;-5377
[27.209737 0.028801] ;-14731;6952;-4797
[27.239628 0.029891] ;-14798;5847;-4023
[27.269458 0.029830] ;-14477;4445;-3118
[27.280420 0.010962] ;-14280;3847;-2742
[27.298772 0.018351] ;-13776;2835;-2088
[27.308773 0.010001] ;-13443;2245;-1735
[27.318877 0.010104] ;-13082;1652;-1372
[27.329788 0.010911] ;-12642;937;-945
[27.358543 0.028755] ;-11213;-872;125
[27.388514 0.029971] ;-9431;-2810;1208
[27.398169 0.009656] ;-8761;-3457;1550
[27.429085 0.030916] ;-6520;-5475;2533
[27.457680 0.028595] ;-4286;-7245;3291
[27.467776 0.010096] ;-3480;-7825;3527
[27.478957 0.011181] ;-2570;-8482;3770
[27.497458 0.018500] ;-1051;-9512;4113
[27.507207 0.009749] ;-247;-10042;4257
[27.517224 0.010017] ;550;-10565;4393
[27.547044 0.029819] ;2881;-11960;4672
[27.557007 0.009964] ;3611;-12377;4726
[27.567102 0.010094] ;4326;-12780;4756
[27.578250 0.011148] ;5122;-13185;4802
[27.597034 0.018784] ;6303;-13805;4800
[27.606851 0.009816] ;6891;-14107;4751
[27.616969 0.010119] ;7437;-14365;4712
[27.627912 0.010943] ;8057;-14620;4645
[27.646365 0.018453] ;8892;-14947;4503
[27.656308 0.009943] ;9298;-15095;4407
[27.666445 0.010137] ;9657;-15202;4291
[27.677715 0.011270] ;10056;-15265;4155
[27.696112 0.018397] ;10525;-15295;3908
[27.706411 0.010300] ;10722;-15265;3746
[27.716191 0.009779] ;10878;-15190;3582
[27.727424 0.011233] ;11026;-15105;3383
[27.746045 0.018621] ;11118;-14817;3037
[27.755947 0.009902] ;11113;-14612;2841
[27.805743 0.049795] ;10467;-13167;1713
[27.835454 0.029712] ;9628;-11977;966
[27.864966 0.029511] ;8371;-10540;178
[27.876025 0.011059] ;7848;-9972;-125
[27.904693 0.028668] ;6256;-8385;-850
[27.915020 0.010327] ;5636;-7807;-1097
[27.925935 0.010915] ;4935;-7170;-1358
[27.944319 0.018385] ;3658;-6025;-1776
[27.954101 0.009782] ;2952;-5422;-1980
[27.964439 0.010338] ;2232;-4805;-2178
[27.975149 0.010709] ;1464;-4130;-2386
[27.984101 0.008952] ;730;-3600;-2525
[27.993999 0.009898] ;-36;-2975;-2677
[28.004049 0.010049] ;-808;-2355;-2813
[28.033934 0.029885] ;-3171;-542;-3143
[28.043730 0.009796] ;-3938;55;-3208
[28.053503 0.009772] ;-4735;640;-3263
[28.083480 0.029977] ;-7021;2330;-3315
[28.093634 0.010154] ;-7758;2875;-3285
[28.124274 0.030640] ;-9932;4465;-3078
[28.153222 0.028948] ;-11670;5750;-2702
[28.183065 0.029843] ;-13220;6887;-2138
[28.212640 0.029575] ;-14427;7762;-1388
[28.223859 0.011220] ;-14796;8075;-1065
[28.242208 0.018349] ;-15205;8435;-473
[28.252034 0.009826] ;-15387;8582;-125
[28.262134 0.010099] ;-15503;8685;206
[28.291708 0.029574] ;-15592;8850;1323
[28.301848 0.010140] ;-15508;8855;1737
[28.311961 0.010113] ;-15373;8820;2146
[28.322918 0.010957] ;-15200;8750;2623
[28.341349 0.018431] ;-14686;8555;3440
[28.351507 0.010158] ;-14330;8400;3882
[28.361737 0.010230] ;-13921;8217;4320
[28.372701 0.010964] ;-13431;7985;4838
[28.391317 0.018616] ;-12386;7560;5675
[28.401090 0.009773] ;-11780;7282;6111
[28.411465 0.010375] ;-11095;6982;6546
[28.422228 0.010763] ;-10306;6635;7031
[28.450916 0.028688] ;-7898;5652;8192
[28.480582 0.029666] ;-5041;4502;9317
[28.490986 0.010404] ;-3998;4102;9661
[28.521697 0.030711] ;-545;2780;10606
[28.550449 0.028752] ;2826;1560;11306
[28.580102 0.029653] ;6470;212;11853
[28.609974 0.029872] ;10095;-1122;12172
[28.621398 0.011424] ;11466;-1617;12213
[28.639572 0.018174] ;13615;-2420;12216
[28.649702 0.010131] ;14736;-2842;12172
[28.679653 0.029951] ;17931;-4075;11818
[28.699027 0.019373] ;19856;-4847;11391
[28.709027 0.010000] ;20750;-5182;11121
[28.720305 0.011279] ;21741;-5572;10783
[28.748980 0.028675] ;23808;-6355;9687
[28.779080 0.030100] ;25522;-7072;8273
[28.808857 0.029777] ;26701;-7495;6647
[28.819916 0.011060] ;27015;-5225;5908
[28.838099 0.018183] ;27371;-5282;4795
[28.848350 0.010250] ;27495;-5292;4155
[28.858036 0.009686] ;27545;-5307;3487
[28.869283 0.011247] ;27590;-7717;2633
[28.887943 0.018660] ;27423;-7642;1405
[28.897645 0.009702] ;27266;-7577;718
[28.907724 0.010079] ;27055;-7490;18
[28.918906 0.011182] ;26786;-4702;-890
[28.927690 0.008784] ;26477;-4662;-1487
[28.957586 0.029896] ;25113;-4335;-3560
[28.968800 0.011214] ;24515;-6615;-4440
[28.987140 0.018340] ;23218;-6137;-5626
[28.997109 0.009969] ;22453;-5875;-6266
[29.007421 0.010312] ;21626;-5607;-6911
[29.018353 0.010933] ;20657;-5315;-7615
[29.036737 0.018383] ;18822;-4705;-8650
[29.047060 0.010323] ;17771;-4382;-9181
[29.056957 0.009897] ;16655;-4025;-9655
[29.067961 0.011005] ;15361;-3637;-10232
[29.086269 0.018308] ;13080;-2965;-10993
[29.096700 0.010431] ;11798;-2602;-11380
[29.126395 0.029695] ;7785;-1535;-12345
[29.156191 0.029795] ;3582;-465;-13045
[29.167054 0.010864] ;1950;-77;-13273
[29.195906 0.028852] ;-2156;885;-13613
[29.206042 0.010136] ;-3572;1215;-13693
[29.217040 0.010998] ;-5175;1592;-13758
[29.235350 0.018310] ;-7715;2160;-13733
[29.245380 0.010031] ;-9046;2467;-13666
[29.255625 0.010245] ;-10348;2762;-13562
[29.266817 0.011192] ;-11793;3080;-13435
[29.285178 0.018361] ;-13990;3565;-13068
[29.295268 0.010090] ;-15102;3812;-12823
[29.344982 0.049715] ;-19811;4850;-10963
[29.374808 0.029826] ;-21878;5272;-9412
[29.404734 0.029926] ;-23287;5495;-7527
[29.415622 0.010888] ;-23730;5607;-6786
[29.434162 0.018540] ;-24143;5632;-5460
[29.444048 0.009886] ;-24281;5607;-4742
[29.453967 0.009918] ;-24357;5585;-4007
[29.465218 0.011251] ;-24402;5562;-3078
[29.483655 0.018437] ;-24198;5425;-1661
[29.493515 0.009860] ;-24003;5322;-928
[29.503492 0.009977] ;-23742;5227;-152
[29.514370 0.010879] ;-23432;5020;795
[29.523526 0.009156] ;-23057;4885;1441
[29.542931 0.019405] ;-22076;4527;2982
[29.552979 0.010049] ;-21483;4325;3707
[29.583018 0.030038] ;-19340;3625;5808
[29.592823 0.009805] ;-18485;3367;6465
[29.602925 0.010102] ;-17570;3082;7091
[29.614168 0.011243] ;-16492;2710;7788
[29.632518 0.018351] ;-14480;2125;8827
[29.642563 0.010045] ;-13333;1805;9306
[29.652798 0.010235] ;-12131;1475;9791
[29.663748 0.010951] ;-10765;1097;10276
[29.681978 0.018229] ;-8342;465;10990
[29.691959 0.009981] ;-6995;112;11328
[29.702296 0.010337] ;-5638;-232;11617
[29.732139 0.029842] ;-1433;-1307;12347
[29.741872 0.009733] ;-31;-1657;12513
[29.751851 0.009979] ;1381;-2005;12663
[29.763074 0.011223] ;3000;-2420;12777
[29.781557 0.018483] ;5578;-3055;12883
[29.791501 0.009944] ;6933;-3422;12886
[29.801504 0.010003] ;8273;-3752;12860
[29.812606 0.011102] ;9773;-4157;12796
[29.831095 0.018489] ;12072;-4752;12567
[29.841444 0.010348] ;13253;-5077;12385
[29.851305 0.009861] ;14387;-5397;12183
[29.862540 0.011235] ;15648;-5742;11916
[29.880856 0.018316] ;17515;-6275;11372
[29.891096 0.010240] ;18411;-6545;11015
[29.920939 0.029843] ;20837;-7195;9735
[29.950941 0.030002] ;22641;-7685;8137
[29.961775 0.010834] ;23247;-7797;7506
[29.980527 0.018752] ;23951;-7990;6383
[29.990172 0.009645] ;24243;-8052;5718
[30.000379 0.010207] ;24495;-8075;5072
[30.011242 0.010863] ;24728;-8147;4252
[30.029811 0.018569] ;24880;-8137;2968
[30.039657 0.009846] ;24890;-8120;2261
[30.049758 0.010102] ;24832;-8075;1543
[30.061069 0.011311] ;24742;-8037;677
[30.089804 0.028735] ;24046;-7785;-1437
[30.119554 0.029749] ;22817;-7407;-3728
[30.149251 0.029697] ;20980;-6872;-5911
[30.160532 0.011281] ;20162;-6650;-6721
[30.178682 0.018150] ;18575;-6197;-7961
[30.188835 0.010153] ;17643;-5937;-8617
[30.199090 0.010255] ;16645;-5660;-9208
[30.209997 0.010906] ;15453;-5375;-9890
[30.228600 0.018604] ;13312;-4827;-10887
[30.238660 0.010060] ;12088;-4532;-11388
[30.248750 0.010090] ;10812;-4217;-11860
[30.259780 0.011030] ;9322;-3885;-12358
[30.278596 0.018816] ;6767;-3312;-13066
[30.288305 0.009709] ;5341;-3012;-13401
[30.317973 0.029668] ;967;-2085;-14241
[30.328149 0.010176] ;-528;-1790;-14440
[30.359145 0.030996] ;-5193;-860;-14930
[30.387530 0.028385] ;-9296;-45;-15031
[30.397377 0.009847] ;-10675;232;-14998
[30.408617 0.011240] ;-12228;515;-14957
[30.427072 0.018455] ;-14572;977;-14703
[30.437294 0.010222] ;-15772;1222;-14521
[30.447367 0.010073] ;-16918;1437;-14292
[30.458558 0.011192] ;-18195;1705;-14012
[30.476909 0.018350] ;-20015;2042;-13391
[30.486978 0.010069] ;-20930;2205;-12987
[30.536614 0.049636] ;-24433;2845;-10481
[30.567662 0.031047] ;-25773;3007;-8622
[30.596116 0.028454] ;-26530;2990;-6650
[30.607337 0.011222] ;-26720;2952;-5802
[30.625726 0.018389] ;-26762;2850;-4486
[30.635664 0.009938] ;-26715;2770;-3783
[30.646060 0.010396] ;-26625;2662;-3056
[30.656934 0.010874] ;-26485;2462;-2160
[30.675046 0.018112] ;-26005;2182;-836
[30.685326 0.010280] ;-25672;2002;-148
[30.695044 0.009718] ;-25285;1802;590
[30.706270 0.011226] ;-24773;1530;1457
[30.715159 0.008889] ;-24338;1357;2045
[30.745001 0.029842] ;-22496;575;3998
[30.756053 0.011053] ;-21686;165;4767
[30.774603 0.018549] ;-20155;-395;5855
[30.784298 0.009695] ;-19260;-735;6388
[30.794718 0.010420] ;-18327;-1087;6892
[30.805614 0.010896] ;-17241;-1512;7476
[30.834474 0.028860] ;-14180;-2572;8668
[30.864264 0.029789] ;-10705;-3730;9675
[30.893800 0.029536] ;-7018;-4885;10402
[30.905230 0.011430] ;-5610;-5342;10615
[30.923343 0.018113] ;-3258;-6082;10903
[30.933636 0.010293] ;-1997;-6477;11010
[30.943489 0.009853] ;-753;-6860;11100
[30.954569 0.011080] ;640;-7290;11172
[30.983268 0.028699] ;4096;-8375;11218
[31.013110 0.029843] ;7527;-9440;11086
[31.043410 0.030299] ;10643;-10402;10710
[31.054337 0.010927] ;11770;-10740;10495
[31.072969 0.018632] ;13422;-11252;10110
[31.103916 0.030947] ;15908;-11927;9280
[31.122132 0.018216] ;17117;-12232;8677
[31.132261 0.010129] ;17695;-12370;8306
[31.142332 0.010071] ;18218;-12467;7931
[31.153449 0.011117] ;18786;-12555;7513
[31.171843 0.018394] ;19518;-12610;6715
[31.182136 0.010293] ;19835;-12612;6236
[31.211724 0.029588] ;20495;-12432;4772
[31.241807 0.030084] ;20692;-12097;3121
[31.253027 0.011220] ;20681;-11982;2465
[31.271552 0.018525] ;20415;-11640;1361
[31.281171 0.009619] ;20202;-11397;746
[31.311269 0.030098] ;19276;-10727;-1095
[31.330907 0.019638] ;18348;-10145;-2331
[31.340747 0.009840] ;17778;-9825;-2966
[31.351964 0.011217] ;17132;-9487;-3645
[31.380549 0.028584] ;15018;-8472;-5353
[31.410443 0.029895] ;12368;-7397;-6993
[31.440335 0.029892] ;9270;-6260;-8453
[31.451076 0.010741] ;8005;-5862;-8957
[31.469289 0.018213] ;5823;-5167;-9696
[31.479692 0.010403] ;4595;-4805;-10066
[31.489711 0.010019] ;3353;-4462;-10396
[31.500801 0.011090] ;1916;-4067;-10761
[31.529694 0.028893] ;-1816;-3100;-11451
[31.559379 0.029685] ;-5750;-2175;-11925
[31.589406 0.030026] ;-9605;-1292;-12066
[31.600491 0.011086] ;-11033;-977;-12050
[31.618727 0.018236] ;-13227;-477;-11883
[31.628765 0.010038] ;-14382;-235;-11715
[31.638671 0.009906] ;-15477;0;-11525
[31.649850 0.011179] ;-16706;255;-11266
[31.668576 0.018726] ;-18506;657;-10685
[31.678169 0.009593] ;-19395;872;-10315
[31.688674 0.010505] ;-20241;1040;-9900
[31.699332 0.010658] ;-21153;1235;-9396
[31.728482 0.029150] ;-23010;1637;-7837
[31.757836 0.029354] ;-24445;2002;-5931
[31.787794 0.029958] ;-25312;2195;-3797
[31.798965 0.011171] ;-25538;2272;-2813
[31.817418 0.018454] ;-25652;2297;-1418
[31.827255 0.009836] ;-25617;2307;-645
[31.837241 0.009986] ;-25560;2315;165
[31.848317 0.011076] ;-25406;2317;1245
[31.876999 0.028683] ;-24600;2222;3598
[31.906876 0.029876] ;-23250;2022;6088
[31.936896 0.030020] ;-21251;1752;8423
[31.947722 0.010826] ;-20378;1625;9333
[31.966415 0.018693] ;-18677;1407;10650
[31.976226 0.009811] ;-17688;1285;11315
[32.006178 0.029952] ;-14356;857;13140
[32.035872 0.029694] ;-10512;437;14630
[32.046972 0.011100] ;-8982;260;15105
[32.065423 0.018450] ;-6313;-25;15812
[32.075196 0.009773] ;-4846;-170;16142
[32.085153 0.009957] ;-3356;-332;16415
[32.115117 0.029964] ;1177;-770;17080
[32.125047 0.009930] ;2696;-935;17221
[32.135088 0.010041] ;4228;-1092;17341
[32.146232 0.011144] ;5928;-1280;17433
[32.175302 0.029071] ;10077;-1712;17483
[32.205054 0.029752] ;14158;-2180;17135
[32.224792 0.019738] ;16626;-2475;16706
[32.234803 0.010011] ;17773;-2612;16423
[32.245674 0.010871] ;19060;-2765;16020
[32.274499 0.028825] ;21781;-3122;14782
[32.324270 0.049771] ;25325;-3580;11105
[32.353889 0.029619] ;26653;-3817;9495
[32.383927 0.030038] ;27426;-3962;7446
[32.394721 0.010794] ;27618;-4045;6732
[32.413107 0.018386] ;27682;-4022;5340
[32.423053 0.009945] ;27663;-4032;4555
[32.433073 0.010020] ;27563;-4007;3770
[32.444319 0.011246] ;27461;-3997;2800
[32.462697 0.018378] ;27020;-3907;1437
[32.472602 0.009905] ;26712;-3830;707
[32.482804 0.010202] ;26358;-3775;-2
[32.512652 0.029848] ;24968;-3465;-2176
[32.522536 0.009884] ;24393;-3337;-2852
[32.532611 0.010075] ;23758;-3175;-3483
[32.543813 0.011202] ;23017;-2962;-4227
[32.562319 0.018507] ;21586;-2617;-5271
[32.572513 0.010193] ;20761;-2390;-5788
[32.582309 0.009797] ;19891;-2142;-6285
[32.593315 0.011005] ;18862;-1880;-6816
[32.612016 0.018702] ;17040;-1380;-7530
[32.621772 0.009756] ;16025;-1095;-7885
[32.631692 0.009920] ;14967;-800;-8173
[32.642955 0.011263] ;13781;-442;-8483
[32.671617 0.028662] ;10601;510;-9047
[32.701207 0.029590] ;7223;1565;-9366
[32.711313 0.010106] ;6095;1942;-9423
[32.742039 0.030727] ;2617;3112;-9445
[32.751240 0.009200] ;1692;3462;-9407
[32.780905 0.029666] ;-1381;4592;-9137
[32.791806 0.010900] ;-2503;5015;-9007
[32.810145 0.018339] ;-4212;5702;-8712
[32.820101 0.009957] ;-5098;6065;-8538
[32.830214 0.010113] ;-5918;6430;-8347
[32.859871 0.029657] ;-8197;7412;-7712
[32.869898 0.010028] ;-8868;7702;-7467
[32.879976 0.010077] ;-9500;7987;-7190
[32.891246 0.011270] ;-10195;8295;-6887
[32.909805 0.018559] ;-11137;8717;-6372
[32.919724 0.009920] ;-11596;8907;-6091
[32.929649 0.009924] ;-11991;9080;-5795
[32.940983 0.011334] ;-12416;9257;-5416
[32.969580 0.028598] ;-13162;9500;-4495
[32.999402 0.029821] ;-13610;9545;-3503
[33.029087 0.029685] ;-13610;9295;-2492
[33.040233 0.011147] ;-13538;9135;-2118
[33.058661 0.018428] ;-13241;8777;-1478
[33.068599 0.009938] ;-13035;8542;-1127
[33.078660 0.010061] ;-12777;8277;-811
[33.089630 0.010970] ;-12476;7945;-430
[33.118319 0.028689] ;-11400;6962;497
[33.128314 0.009995] ;-10955;6565;800
[33.139373 0.011058] ;-10408;6082;1152
[33.157933 0.018561] ;-9396;5220;1693
[33.167805 0.009871] ;-8827;4737;1966
[33.177823 0.010018] ;-8223;4222;2231
[33.207436 0.029613] ;-6277;2597;2963
[33.217371 0.009935] ;-5578;2030;3203
[33.227403 0.010032] ;-4858;1440;3416
[33.238313 0.010910] ;-4038;752;3666
[33.247671 0.009358] ;-3390;247;3830
[33.277377 0.029706] ;-1072;-1612;4342
[33.288247 0.010870] ;-173;-2335;4511
[33.316798 0.028551] ;2118;-4142;4882
[33.326876 0.010078] ;2928;-4762;4985
[33.338017 0.011142] ;3830;-5460;5067
[33.356214 0.018197] ;5315;-6595;5203
[33.366346 0.010132] ;6101;-7207;5260
[33.376522 0.010176] ;6867;-7790;5298
[33.406216 0.029694] ;9135;-9472;5337
[33.416139 0.009923] ;9857;-10007;5310
[33.426355 0.010216] ;10543;-10517;5277
[33.437872 0.011518] ;11323;-11067;5233
[33.456140 0.018268] ;12505;-11915;5107
[33.466126 0.009986] ;13080;-12347;5017
[33.496004 0.029877] ;14675;-13442;4675
[33.515572 0.019568] ;15525;-14025;4383
[33.525634 0.010061] ;15922;-14257;4187
[33.536674 0.011041] ;16307;-14500;3988
[33.555291 0.018617] ;16813;-14777;3603
[33.565403 0.010112] ;17025;-14885;3386
[33.575283 0.009880] ;17185;-14945;3160
[33.586586 0.011303] ;17348;-13262;2912
[33.604995 0.018409] ;17443;-13237;2476
[33.615150 0.010154] ;17455;-13180;2215
[33.645117 0.029967] ;17232;-14472;1446
[33.664342 0.019226] ;16877;-14005;901
[33.674497 0.010154] ;16623;-13745;631
[33.704364 0.029868] ;15696;-12785;-155
[33.714236 0.009871] ;15302;-12382;-425
[33.724303 0.010067] ;14872;-11935;-697
[33.735409 0.011106] ;14380;-11462;-996
[33.753961 0.018553] ;13410;-10520;-1473
[33.763956 0.009995] ;12847;-9982;-1721
[33.773917 0.009961] ;12255;-9420;-1975
[33.785034 0.011117] ;11568;-8805;-2241
[33.803537 0.018504] ;10358;-7677;-2680
[33.813483 0.009946] ;9668;-7045;-2892
[33.823483 0.010000] ;8977;-6420;-3113
[33.834738 0.011255] ;8170;-5700;-3337
[33.863172 0.028434] ;6056;-3817;-3890
[33.893150 0.029978] ;3732;-1865;-4432
[33.922661 0.029512] ;1412;47;-4892
[33.933695 0.011034] ;526;755;-5070
[33.942493 0.008799] ;-138;1292;-5187
[33.952456 0.009962] ;-908;1887;-5317
[33.962606 0.010151] ;-1678;2462;-5432
[33.992254 0.029647] ;-3925;4070;-5756
[34.022177 0.029924] ;-6063;5470;-5987
[34.033159 0.010982] ;-6857;5962;-6081
[34.061835 0.028675] ;-8680;6957;-6206
[34.091735 0.029900] ;-10377;7737;-6230
[34.121381 0.029646] ;-11841;8147;-6157
[34.132662 0.011281] ;-12360;8245;-6105
[34.150912 0.018250] ;-13051;8255;-5957
[34.161043 0.010131] ;-13391;8212;-5862
[34.171026 0.009982] ;-13686;8125;-5745
[34.182163 0.011138] ;-14008;7982;-5603
[34.200815 0.018652] ;-14387;7635;-5271
[34.210933 0.010117] ;-14541;7395;-5107
[34.220679 0.009747] ;-14660;7125;-4898
[34.231901 0.011222] ;-14781;6757;-4658
[34.250288 0.018387] ;-14791;6080;-4187
[34.260364 0.010076] ;-14760;5662;-3917
[34.270384 0.010020] ;-14675;5235;-3626
[34.281720 0.011336] ;-14572;4682;-3285
[34.310355 0.028635] ;-13952;3207;-2333
[34.340345 0.029990] ;-12961;1447;-1233
[34.369696 0.029351] ;-11582;-430;-135
[34.380799 0.011103] ;-10997;-1147;280
[34.409613 0.028814] ;-9230;-3000;1282
[34.439464 0.029851] ;-7163;-4930;2250
[34.449009 0.009545] ;-6403;-5567;2566
[34.480012 0.031003] ;-3970;-7475;3383
[34.508923 0.028910] ;-1636;-9125;3985
[34.538360 0.029438] ;801;-10692;4437
[34.548532 0.010172] ;1578;-11200;4546
[34.579335 0.030803] ;3962;-12567;4748
[34.597941 0.018606] ;5260;-13275;4795
[34.607869 0.009928] ;5897;-13612;4792
[34.617779 0.009910] ;6527;-13942;4775
[34.628920 0.011141] ;7213;-14255;4728
[34.658077 0.029156] ;8650;-14870;4541
[34.687443 0.029366] ;9845;-15242;4238
[34.717583 0.030140] ;10633;-15295;3813
[34.728516 0.010933] ;10857;-15242;3615
[34.747127 0.018611] ;11052;-15025;3273
[34.757225 0.010098] ;11083;-14857;3075
[34.787023 0.029799] ;10991;-14177;2443
[34.806417 0.019394] ;10686;-13532;1968
[34.816497 0.010080] ;10458;-13172;1707
[34.827633 0.011135] ;10190;-12752;1432
[34.845892 0.018260] ;9562;-11940;933
[34.855994 0.010102] ;9162;-11450;663
[34.865881 0.009887] ;8735;-10952;383
[34.895895 0.030014] ;7218;-9335;-416
[34.905675 0.009780] ;6627;-8762;-693
[34.915777 0.010102] ;6023;-8165;-950
[34.945540 0.029764] ;3996;-6327;-1670
[34.955508 0.009968] ;3276;-5695;-1887
[34.965624 0.010116] ;2515;-5052;-2097
[34.976594 0.010970] ;1642;-4340;-2317
[35.005226 0.028632] ;-651;-2480;-2783
[35.015528 0.010302] ;-1455;-1832;-2906
[35.026305 0.010778] ;-2403;-1122;-3045
[35.044563 0.018258] ;-3931;50;-3195
[35.054286 0.009722] ;-4742;670;-3255
[35.064493 0.010207] ;-5550;1280;-3277
[35.094566 0.030074] ;-7888;3002;-3247
[35.104173 0.009606] ;-8623;3570;-3192
[35.114235 0.010062] ;-9355;4085;-3135
[35.126781 0.012546] ;-10161;4667;-3026
[35.134387 0.007606] ;-10712;5100;-2920
[35.153970 0.019583] ;-11936;5982;-2596
[35.164160 0.010190] ;-12490;6392;-2397
[35.194157 0.029997] ;-13913;7462;-1718
[35.203751 0.009594] ;-14292;7742;-1435
[35.214121 0.010370] ;-14630;8007;-1132
[35.224810 0.010689] ;-14983;8277;-783
[35.243231 0.018421] ;-15350;8582;-162
[35.253190 0.009959] ;-15471;8705;206
[35.263153 0.009964] ;-15545;8810;587
[35.274361 0.011207] ;-15606;8872;1046
[35.283384 0.009023] ;-15551;8897;1388
[35.313034 0.029650] ;-15095;8755;2688
[35.324333 0.011299] ;-14822;8632;3208
[35.342604 0.018271] ;-14140;8352;4100
[35.352766 0.010161] ;-13676;8155;4557
[35.362721 0.009956] ;-13167;7930;5021
[35.373935 0.011213] ;-12540;7632;5543
[35.392174 0.018239] ;-11273;7110;6410
[35.402245 0.010071] ;-10541;6792;6848
[35.412226 0.009981] ;-9740;6452;7303
[35.423449 0.011224] ;-8775;6025;7788
[35.432131 0.008682] ;-7981;5710;8151
[35.461957 0.029826] ;-4943;4510;9315
[35.472986 0.011029] ;-3727;4005;9715
[35.491428 0.018442] ;-1560;3187;10331
[35.501343 0.009915] ;-378;2735;10625
[35.511424 0.010081] ;835;2295;10903
[35.522483 0.011059] ;2251;1750;11178
[35.531695 0.009212] ;3332;1360;11363
[35.550992 0.019297] ;5636;410;11753
[35.560930 0.009938] ;7157;-52;11903
[35.601411 0.040481] ;12183;-1912;12208
[35.650964 0.049553] ;17933;-4120;11821
[35.680757 0.029793] ;20901;-5277;11047
[35.700314 0.019558] ;22585;-5922;10336
[35.710138 0.009823] ;23331;-6217;9925
[35.721540 0.011402] ;24181;-6560;9458
[35.730227 0.008688] ;24687;-6760;9056
[35.749878 0.019651] ;25765;-7122;8028
[35.759663 0.009784] ;26200;-7290;7467
[35.789544 0.029882] ;27160;-7627;5576
[35.799673 0.010129] ;27357;-7675;4898
[35.809867 0.010194] ;27485;-7712;4220
[35.820775 0.010908] ;27587;-6772;3397
[35.839088 0.018312] ;27516;-3537;2095
[35.849302 0.010214] ;27413;-3532;1351
[35.859199 0.009897] ;27247;-3507;623
[35.870522 0.011323] ;27020;-7537;-220
[35.899268 0.028747] ;25957;-7127;-2310
[35.928901 0.029633] ;24343;-6587;-4568
[35.958803 0.029902] ;22055;-5775;-6615
[35.969792 0.010989] ;21075;-5427;-7372
[35.988153 0.018361] ;19197;-4830;-8456
[35.998240 0.010087] ;18116;-4485;-9001
[36.008581 0.010342] ;16990;-4135;-9525
[36.019710 0.011129] ;15663;-3720;-10121
[36.038121 0.018411] ;13312;-3020;-10930
[36.048464 0.010343] ;11996;-2660;-11325
[36.077805 0.029341] ;7853;-1530;-12347
[36.107707 0.029903] ;3520;-437;-13066
[36.118629 0.010922] ;1840;-45;-13298
[36.147328 0.028699] ;-2377;942;-13641
[36.177020 0.029692] ;-6678;1925;-13761
[36.207318 0.030299] ;-10722;2845;-13537
[36.218447 0.011129] ;-12186;3172;-13401
[36.236598 0.018152] ;-14401;3680;-12996
[36.246783 0.010184] ;-15508;3932;-12720
[36.276732 0.029949] ;-18517;4590;-11682
[36.296026 0.019295] ;-20175;4927;-10753
[36.306242 0.010216] ;-20901;5065;-10255
[36.317486 0.011244] ;-21688;5242;-9628
[36.346174 0.028689] ;-23131;5492;-7837
[36.376080 0.029906] ;-24077;5625;-5742
[36.405574 0.029494] ;-24383;5545;-3530
[36.416901 0.011327] ;-24386;5207;-2576
[36.434997 0.018096] ;-24096;5050;-1155
[36.445173 0.010175] ;-23856;4937;-383
[36.455153 0.009981] ;-23553;4817;402
[36.466136 0.010983] ;-23183;4915;1315
[36.484802 0.018667] ;-22268;4585;2735
[36.494708 0.009906] ;-21688;4372;3470
[36.504881 0.010173] ;-21053;4165;4208
[36.515750 0.010868] ;-20286;3907;5021
[36.544470 0.028720] ;-17857;3147;6897
[36.574327 0.029858] ;-14817;2220;8652
[36.604237 0.029909] ;-11306;1252;10091
[36.615083 0.010846] ;-9902;855;10562
[36.633829 0.018747] ;-7447;220;11230
[36.643523 0.009694] ;-6106;-130;11548
[36.653429 0.009906] ;-4730;-467;11807
[36.664607 0.011179] ;-3171;-875;12098
[36.673712 0.009104] ;-1971;-1185;12271
[36.693039 0.019327] ;822;-1882;12617
[36.703237 0.010198] ;2198;-2222;12737
[36.733172 0.029935] ;6287;-3255;12883
[36.743002 0.009830] ;7606;-3597;12873
[36.753181 0.010179] ;8901;-3935;12843
[36.764552 0.011372] ;10337;-4285;12758
[36.782884 0.018332] ;12552;-4872;12527
[36.792910 0.010026] ;13686;-5182;12345
[36.803015 0.010106] ;14770;-5472;12126
[36.814313 0.011298] ;15983;-5807;11857
[36.832560 0.018246] ;17731;-6305;11315
[36.842534 0.009974] ;18593;-6560;10968
[36.892222 0.049688] ;22118;-7502;8726
[36.921956 0.029734] ;23545;-7847;7130
[36.951736 0.029780] ;24447;-8025;5287
[36.963151 0.011415] ;24700;-8090;4552
[36.981281 0.018130] ;24880;-8097;3356
[36.991302 0.010022] ;24923;-8090;2705
[37.002046 0.010743] ;24895;-8065;2028
[37.012254 0.010208] ;24856;-8040;1211
[37.041382 0.029129] ;24322;-7847;-756
[37.071047 0.029665] ;23363;-7547;-2885
[37.101030 0.029984] ;21895;-7102;-4933
[37.111935 0.010905] ;21267;-6937;-5696
[37.130299 0.018364] ;19962;-6565;-6906
[37.140340 0.010041] ;19213;-6352;-7527
[37.150264 0.009924] ;18406;-6122;-8123
[37.161502 0.011238] ;17455;-5880;-8756
[37.179911 0.018409] ;15716;-5420;-9747
[37.190174 0.010263] ;14710;-5172;-10255
[37.200156 0.009982] ;13657;-4912;-10747
[37.211258 0.011101] ;12455;-4607;-11273
[37.229954 0.018696] ;10308;-4112;-12028
[37.239740 0.009785] ;9141;-3835;-12398
[37.269402 0.029662] ;5441;-3015;-13387
[37.299304 0.029902] ;1588;-2200;-14121
[37.310232 0.010928] ;107;-1925;-14382
[37.339140 0.028907] ;-3606;-1180;-14796
[37.368930 0.029790] ;-7392;-425;-15031
[37.398660 0.029731] ;-10995;267;-15015
[37.409686 0.011026] ;-12331;527;-14968
[37.428156 0.018469] ;-14337;925;-14750
[37.438380 0.010225] ;-15366;1140;-14600
[37.448450 0.010070] ;-16381;1322;-14428
[37.459538 0.011088] ;-17481;1555;-14211
[37.477969 0.018431] ;-19097;1867;-13740
[37.488123 0.010154] ;-19915;2015;-13428
[37.518119 0.029996] ;-22100;2440;-12371
[37.537769 0.019650] ;-23310;2627;-11532
[37.547736 0.009967] ;-23840;2710;-11107
[37.558706 0.010970] ;-24417;2865;-10527
[37.577063 0.018358] ;-25166;2935;-9608
[37.587231 0.010168] ;-25503;2965;-9096
[37.597282 0.010051] ;-25821;3000;-8568
[37.608335 0.011054] ;-26142;3045;-7931
[37.626764 0.018429] ;-26470;3035;-6911
[37.636762 0.009998] ;-26617;3012;-6361
[37.646779 0.010016] ;-26703;2987;-5767
[37.657949 0.011171] ;-26793;2877;-5017
[37.686786 0.028836] ;-26675;2680;-3321
[37.716704 0.029918] ;-26240;2320;-1437
[37.746034 0.029329] ;-25401;1875;358
[37.757350 0.011316] ;-25040;1647;1088
[37.775630 0.018281] ;-24238;1287;2168
[37.785856 0.010226] ;-23758;1092;2726
[37.795638 0.009781] ;-23236;857;3271
[37.806760 0.011123] ;-22643;562;3966
[37.815661 0.008901] ;-22108;347;4405
[37.845672 0.030011] ;-20077;-422;5885
[37.856592 0.010920] ;-19278;-770;6412
[37.874819 0.018227] ;-17773;-1302;7213
[37.884899 0.010080] ;-16930;-1602;7617
[37.895006 0.010107] ;-16070;-1907;7968
[37.906082 0.011075] ;-15068;-2270;8358
[37.935081 0.028999] ;-12350;-3165;9227
[37.964797 0.029716] ;-9378;-4140;9960
[37.994500 0.029703] ;-6322;-5122;10508
[38.005697 0.011197] ;-5153;-5492;10671
[38.024140 0.018444] ;-3232;-6085;10900
[38.034067 0.009927] ;-2196;-6397;10993
[38.044221 0.010154] ;-1175;-6717;11072
[38.055503 0.011282] ;-28;-7087;11137
[38.083974 0.028471] ;2826;-7980;11230
[38.113761 0.029787] ;5692;-8880;11176
[38.143484 0.029723] ;8392;-9722;10980
[38.154629 0.011144] ;9375;-10020;10876
[38.173282 0.018653] ;10881;-10480;10638
[38.183678 0.010397] ;11653;-10722;10511
[38.213437 0.029759] ;13797;-11360;10006
[38.232704 0.019267] ;15060;-11732;9598
[38.242777 0.010072] ;15658;-11902;9363
[38.254197 0.011420] ;16310;-12060;9100
[38.272436 0.018238] ;17227;-12280;8603
[38.282641 0.010205] ;17686;-12397;8306
[38.292581 0.009940] ;18111;-12475;8031
[38.303687 0.011106] ;18577;-12532;7691
[38.322295 0.018607] ;19171;-12617;7081
[38.332495 0.010200] ;19482;-12630;6742
[38.362194 0.029699] ;20155;-12590;5645
[38.381901 0.019707] ;20460;-12495;4868
[38.391921 0.010020] ;20560;-12437;4446
[38.403686 0.011765] ;20661;-12347;3998
[38.421438 0.017752] ;20671;-12152;3203
[38.431688 0.010250] ;20663;-12047;2756
[38.441566 0.009878] ;20610;-11920;2312
[38.452755 0.011189] ;20545;-11822;1827
[38.471181 0.018426] ;20276;-11557;972
[38.481298 0.010117] ;20086;-11357;513
[38.490890 0.009592] ;19891;-11195;58
[38.502334 0.011444] ;19642;-11005;-460
[38.520855 0.018521] ;19071;-10627;-1323
[38.531194 0.010339] ;18738;-10405;-1795
[38.560826 0.029632] ;17543;-9752;-3167
[38.590480 0.029654] ;16086;-8992;-4516
[38.601649 0.011168] ;15466;-8707;-5010
[38.619913 0.018264] ;14330;-8210;-5783
[38.630052 0.010139] ;13686;-7940;-6208
[38.640140 0.010088] ;13035;-7675;-6585
[38.651407 0.011267] ;12265;-7377;-7028
[38.669763 0.018355] ;10902;-6862;-7701
[38.679782 0.010020] ;10153;-6580;-8047
[38.689703 0.009921] ;9365;-6312;-8388
[38.700688 0.010985] ;8457;-6022;-8753
[38.729562 0.028874] ;6071;-5257;-9585
[38.759468 0.029906] ;3445;-4495;-10336
[38.789106 0.029638] ;735;-3760;-10943
[38.799931 0.010825] ;-313;-3487;-11170
[38.829087 0.029156] ;-2936;-2817;-11581
[38.858705 0.029618] ;-5681;-2167;-11897
[38.878304 0.019599] ;-7466;-1745;-11982
[38.888226 0.009922] ;-8342;-1550;-12022
[38.899132 0.010906] ;-9367;-1327;-12056
[38.908606 0.009473] ;-10092;-1152;-12050
[38.928269 0.019664] ;-11775;-797;-11990
[38.938002 0.009732] ;-12585;-595;-11922
[38.949242 0.011240] ;-13512;-405;-11832
[38.977819 0.028578] ;-15642;67;-11470
[38.987842 0.010023] ;-16345;240;-11317
[38.998962 0.011120] ;-17148;300;-11121
[39.017388 0.018425] ;-18327;550;-10723
[39.027240 0.009852] ;-18933;670;-10488
[39.037285 0.010045] ;-19516;862;-10238
[39.048585 0.011300] ;-20175;1090;-9933
[39.066900 0.018315] ;-21127;1280;-9377
[39.076926 0.010026] ;-21591;1397;-9053
[39.086874 0.009948] ;-22047;1490;-8728
[39.098061 0.011186] ;-22548;1617;-8290
[39.116656 0.018595] ;-23221;1762;-7568
[39.126847 0.010191] ;-23558;1830;-7162
[39.136550 0.009703] ;-23877;1905;-6756
[39.147700 0.011150] ;-24231;2007;-6263
[39.166044 0.018344] ;-24660;2112;-5462
[39.176064 0.010020] ;-24856;2152;-5010
[39.186143 0.010079] ;-25032;2195;-4552
[39.197494 0.011351] ;-25248;2255;-3988
[39.225926 0.028432] ;-25510;2345;-2601
[39.256110 0.030184] ;-25602;2400;-1065
[39.275275 0.019164] ;-25533;2387;-53
[39.285082 0.009808] ;-25465;2370;451
[39.325278 0.040196] ;-24980;2340;2527
[39.355111 0.029833] ;-24346;2250;4081
[39.385059 0.029947] ;-23506;2145;5571
[39.395930 0.010871] ;-23165;2047;6157
[39.414579 0.018649] ;-22440;1957;7017
[39.424440 0.009860] ;-22047;1907;7488
[39.434366 0.009927] ;-21622;1860;7955
[39.445603 0.011236] ;-21127;1765;8530
[39.463913 0.018311] ;-20215;1670;9350
[39.474154 0.010240] ;-19692;1585;9800
[39.484096 0.009942] ;-19152;1520;10220
[39.495135 0.011039] ;-18535;1422;10717
[39.513947 0.018812] ;-17403;1270;11437
[39.523641 0.009694] ;-16782;1200;11783
[39.533961 0.010320] ;-16133;1107;12153
[39.545102 0.011141] ;-15416;1012;12576
[39.563448 0.018346] ;-14111;862;13197
[39.573377 0.009929] ;-13398;780;13497
[39.583394 0.010017] ;-12661;700;13810
[39.594573 0.011179] ;-11832;597;14121
[39.613019 0.018446] ;-10396;432;14627
[39.622766 0.009747] ;-9600;347;14876
[39.633041 0.010275] ;-8806;255;15112
[39.644356 0.011315] ;-7907;160;15357
[39.652920 0.008564] ;-7192;85;15532
[39.682940 0.030020] ;-4708;-182;16115
[39.693733 0.010793] ;-3751;-280;16301
[39.722667 0.028934] ;-1328;-537;16712
[39.752528 0.029861] ;1222;-800;17033
[39.762414 0.009886] ;2056;-895;17126
[39.793023 0.030609] ;4697;-1160;17343
[39.822059 0.029037] ;7026;-1412;17426
[39.851788 0.029729] ;9410;-1670;17456
[39.881732 0.029944] ;11685;-1907;17355
[39.892660 0.010928] ;12533;-2002;17297
[39.911126 0.018466] ;13821;-2170;17156
[39.921162 0.010036] ;14522;-2242;17066
[39.951330 0.030168] ;16507;-2485;16731
[39.981056 0.029727] ;18298;-2700;16260
[39.992057 0.011000] ;18965;-2787;16017
[40.010556 0.018499] ;19941;-2902;15641
[40.020678 0.010122] ;20445;-2955;15433
[40.050560 0.029882] ;21878;-3187;14703
[40.069889 0.019329] ;22720;-3295;14170
[40.080091 0.010202] ;23115;-3355;13876
[40.091077 0.010986] ;23585;-3412;12595
[40.109748 0.018671] ;24212;-3492;12098
[40.119657 0.009908] ;24533;-3527;11843
[40.129985 0.010329] ;24847;-3560;11565
[40.141105 0.011120] ;25206;-3662;10698
[40.159521 0.018415] ;25667;-3717;10140
[40.169425 0.009904] ;25918;-3747;9827
[40.179816 0.010391] ;26137;-3775;9522
[40.190750 0.010934] ;26395;-3850;10320
[40.209086 0.018336] ;26706;-3907;9701
[40.218995 0.009909] ;26870;-3915;9336
[40.229177 0.010182] ;27007;-3945;8977
[40.240254 0.011077] ;27181;-3952;8560
[40.258930 0.018676] ;27366;-4035;7895
[40.308529 0.049599] ;27656;-4047;6107
[40.318345 0.009815] ;27677;-4052;5723
[40.328379 0.010034] ;27687;-4062;5358
[40.339256 0.010877] ;27708;-4097;4892
[40.368248 0.028992] ;27603;-4072;3818
[40.398216 0.029968] ;27376;-4015;2702
[40.427902 0.029686] ;27070;-3940;1656
[40.457546 0.029644] ;26667;-3875;580
[40.488323 0.030777] ;26156;-3745;-481
[40.517212 0.028889] ;25546;-3622;-1375
[40.547148 0.029936] ;24826;-3450;-2367
[40.577086 0.029938] ;24025;-3247;-3227
[40.587889 0.010804] ;23730;-3152;-3596
[40.606444 0.018554] ;23155;-3017;-4075
[40.616149 0.009705] ;22838;-2925;-4342
[40.626489 0.010340] ;22511;-2850;-4587
[40.637790 0.011301] ;22140;-2760;-4895
[40.656020 0.018231] ;21472;-2607;-5326
[40.665931 0.009911] ;21127;-2522;-5546
[40.675967 0.010036] ;20758;-2410;-5772
[40.687144 0.011177] ;20365;-2287;-6035
[40.705505 0.018361] ;19630;-2090;-6423
[40.715638 0.010132] ;19242;-1997;-6606
[40.725656 0.010018] ;18843;-1885;-6795
