unixtime;Bx;By;Bz
1615395146.075461;1062;-6060;-12172
1615395146.091609;1058;-6062;-12188
1615395146.1114516;1065;-6067;-12172
1615395146.1512582;1056;-6062;-12178
1615395146.2010236;1056;-6070;-12165
1615395146.2504873;1062;-6062;-12172
1615395146.2606893;1067;-6065;-12176
1615395146.2901893;1058;-6070;-12183
1615395146.299858;1058;-6057;-12172
1615395146.330361;1056;-6067;-12176
1615395146.359883;1056;-6065;-12172
1615395146.3707423;1056;-6057;-12167
1615395146.3889906;1067;-6067;-12170
1615395146.3992872;1067;-6052;-12170
1615395146.4091723;1065;-6062;-12172
1615395146.4203975;1062;-6057;-12178
1615395146.4890747;1051;-6060;-12170
1615395146.499033;1056;-6062;-12181
1615395146.5085862;1053;-6072;-12170
1615395146.5196662;1062;-6062;-12176
1615395146.5381432;1053;-6060;-12162
1615395146.5479312;1053;-6062;-12172
1615395146.5583124;1048;-6057;-12170
1615395146.5693488;1065;-6062;-12178
1615395146.5882983;1062;-6052;-12165
1615395146.5981963;1051;-6067;-12170
1615395146.6078305;1051;-6060;-12172
1615395146.6191764;1056;-6057;-12178
1615395146.648235;1046;-6067;-12186
1615395146.6776786;1048;-6065;-12167
1615395146.707381;1065;-6067;-12156
1615395146.718727;1053;-6062;-12178
1615395146.737016;1067;-6045;-12176
1615395146.7469697;1056;-6047;-12172
1615395146.756962;1058;-6045;-12181
1615395146.767919;1056;-6065;-12170
1615395146.7969918;1053;-6070;-12178
1615395146.8271446;1065;-6065;-12165
1615395146.8470275;1046;-6055;-12165
1615395146.8568223;1065;-6075;-12167
1615395146.8865104;1058;-6062;-12158
1615395146.9466672;1062;-6067;-12183
1615395146.9760487;1058;-6062;-12167
1615395147.0258217;1053;-6065;-12170
1615395147.0355155;1072;-6050;-12172
1615395147.0668902;1058;-6060;-12170
1615395147.095138;1062;-6065;-12172
1615395147.1253653;1046;-6072;-12172
1615395147.1548102;1058;-6080;-12165
1615395147.165894;1056;-6062;-12181
1615395147.1841004;1051;-6052;-12170
1615395147.2245994;1067;-6057;-12167
1615395147.2435997;1065;-6065;-12158
1615395147.2739058;1065;-6067;-12156
1615395147.2837675;1072;-6062;-12165
1615395147.2936745;1062;-6057;-12162
1615395147.323906;1062;-6065;-12183
1615395147.3535442;1067;-6067;-12172
1615395147.364286;1058;-6060;-12170
1615395147.3941348;1056;-6055;-12170
1615395147.423411;1058;-6060;-12153
1615395147.4532006;1062;-6062;-12170
1615395147.4828637;1058;-6055;-12181
1615395147.5134134;1062;-6065;-12172
1615395147.5427322;1075;-6067;-12172
1615395147.571869;1070;-6055;-12153
1615395147.5823414;1053;-6065;-12167
1615395147.6017745;1053;-6057;-12162
1615395147.6422536;1053;-6060;-12176
1615395147.6719916;1065;-6050;-12158
1615395147.7017608;1067;-6057;-12172
1615395147.7126274;1062;-6055;-12178
1615395147.7308998;1065;-6067;-12165
1615395147.7411735;1062;-6062;-12186
1615395147.7511568;1058;-6070;-12181
1615395147.7623558;1058;-6067;-12178
1615395147.780667;1062;-6057;-12165
1615395147.7908702;1075;-6055;-12167
1615395147.800844;1058;-6042;-12170
1615395147.8119287;1056;-6062;-12176
1615395147.830486;1070;-6060;-12162
1615395147.8405812;1065;-6062;-12178
1615395147.850008;1075;-6055;-12176
1615395147.8611004;1058;-6067;-12170
1615395147.890646;1046;-6065;-12167
1615395147.9218354;1051;-6057;-12181
1615395147.9495747;1065;-6052;-12167
1615395147.9608524;1065;-6062;-12170
1615395147.9791498;1056;-6050;-12153
1615395147.9892359;1067;-6057;-12181
1615395147.9994211;1058;-6055;-12162
1615395148.010685;1065;-6062;-12176
1615395148.0395913;1053;-6050;-12178
1615395148.0894175;1067;-6067;-12170
1615395148.099208;1065;-6062;-12165
1615395148.1100395;1070;-6057;-12178
1615395148.1285427;1065;-6050;-12172
1615395148.1388538;1065;-6052;-12176
1615395148.1487563;1058;-6057;-12188
1615395148.1596494;1056;-6060;-12170
1615395148.1782095;1062;-6050;-12162
1615395148.1886706;1075;-6060;-12176
1615395148.1982362;1065;-6057;-12172
1615395148.2093422;1056;-6060;-12170
1615395148.2278883;1048;-6047;-12162
1615395148.2382803;1065;-6055;-12165
1615395148.2478042;1065;-6060;-12165
1615395148.258866;1062;-6062;-12165
1615395148.288438;1058;-6060;-12167
1615395148.317508;1058;-6067;-12162
1615395148.3472025;1051;-6060;-12165
1615395148.3583357;1065;-6062;-12167
1615395148.3770285;1058;-6047;-12172
1615395148.4370298;1053;-6067;-12170
1615395148.4668915;1058;-6070;-12167
1615395148.4966798;1046;-6067;-12176
1615395148.5265672;1065;-6052;-12176
1615395148.5365345;1058;-6055;-12170
1615395148.566533;1053;-6060;-12158
1615395148.5854452;1065;-6065;-12165
1615395148.5957341;1067;-6060;-12167
1615395148.6259282;1062;-6065;-12156
1615395148.6358104;1053;-6062;-12181
1615395148.6457367;1067;-6070;-12165
1615395148.6567323;1062;-6057;-12167
1615395148.7065215;1058;-6065;-12176
1615395148.7744143;1056;-6052;-12181
1615395148.7846522;1053;-6047;-12178
1615395148.7945042;1058;-6057;-12192
1615395148.8056633;1067;-6070;-12170
1615395148.8243651;1053;-6057;-12167
1615395148.8344305;1058;-6065;-12158
1615395148.8557065;1058;-6060;-12167
1615395148.874772;1056;-6067;-12176
1615395148.8838167;1053;-6057;-12183
1615395148.9141326;1048;-6065;-12167
1615395148.9435606;1048;-6067;-12158
1615395148.954845;1058;-6055;-12176
1615395148.9733849;1065;-6057;-12172
1615395148.983219;1058;-6067;-12167
1615395148.9935486;1051;-6060;-12178
1615395149.0234656;1070;-6065;-12165
1615395149.0545552;1058;-6055;-12172
1615395149.0826643;1062;-6062;-12176
1615395149.092832;1062;-6060;-12167
1615395149.1039033;1065;-6062;-12176
1615395149.122457;1058;-6042;-12181
1615395149.1324122;1070;-6047;-12176
1615395149.142422;1056;-6050;-12176
1615395149.153803;1051;-6062;-12183
1615395149.1718981;1065;-6060;-12162
1615395149.1820955;1058;-6057;-12183
1615395149.192172;1070;-6067;-12158
1615395149.203209;1067;-6057;-12178
1615395149.2531748;1067;-6062;-12170
1615395149.2623653;1070;-6052;-12176
1615395149.2817702;1075;-6055;-12165
1615395149.291507;1065;-6050;-12165
1615395149.3211806;1053;-6067;-12167
1615395149.3311162;1067;-6065;-12178
1615395149.3616383;1062;-6067;-12167
1615395149.3713317;1048;-6065;-12165
1615395149.4023724;1058;-6060;-12170
1615395149.4309368;1058;-6062;-12178
1615395149.4608843;1072;-6050;-12165
1615395149.490905;1072;-6062;-12170
1615395149.5019877;1056;-6060;-12176
1615395149.5306082;1053;-6072;-12165
1615395149.5601826;1051;-6070;-12162
1615395149.590149;1070;-6062;-12151
1615395149.6012807;1058;-6065;-12172
1615395149.6505408;1067;-6060;-12170
1615395149.6793606;1053;-6070;-12165
1615395149.7095678;1075;-6065;-12167
1615395149.7392669;1065;-6070;-12165
1615395149.750798;1070;-6055;-12165
1615395149.7686589;1062;-6050;-12148
1615395149.7784247;1058;-6060;-12142
1615395149.8000057;1065;-6050;-12148
1615395149.8186347;1075;-6057;-12137
1615395149.8283036;1088;-6055;-12146
1615395149.858347;1062;-6052;-12128
1615395149.8879662;1067;-6040;-12116
1615395149.8990448;1070;-6052;-12116
1615395149.9174495;1067;-6045;-12096
1615395149.9275537;1091;-6035;-12091
1615395149.9377267;1077;-6040;-12098
1615395149.9488692;1072;-6045;-12086
1615395149.967219;1091;-6042;-12077
1615395149.9778433;1098;-6032;-12061
1615395150.0072784;1088;-6027;-12036
1615395150.037013;1096;-6022;-12003
1615395150.0478036;1096;-6020;-11996
1615395150.0772839;1103;-6005;-11952
1615395150.1068063;1112;-5987;-11920
1615395150.136373;1112;-5970;-11865
1615395150.1477513;1117;-5982;-11853
1615395150.165729;1136;-5965;-11807
1615395150.1759884;1127;-5952;-11786
1615395150.1859179;1133;-5962;-11777
1615395150.1972127;1130;-5945;-11753
1615395150.2155538;1130;-5935;-11712
1615395150.2254922;1141;-5932;-11685
1615395150.2359304;1143;-5917;-11671
1615395150.2468243;1148;-5920;-11636
1615395150.2757905;1148;-5895;-11571
1615395150.306224;1170;-5875;-11472
1615395150.3349602;1175;-5842;-11366
1615395150.3463523;1186;-5832;-11347
1615395150.364572;1175;-5800;-11278
1615395150.3746886;1183;-5792;-11241
1615395150.384946;1170;-5777;-11202
1615395150.39603;1196;-5780;-11165
1615395150.4142208;1198;-5755;-11093
1615395150.4243846;1203;-5752;-11047
1615395150.4347618;1207;-5735;-11006
1615395150.4453914;1215;-5720;-10963
1615395150.4639435;1217;-5692;-10865
1615395150.474485;1238;-5677;-10827
1615395150.4839032;1241;-5652;-10775
1615395150.4952307;1236;-5642;-10726
1615395150.5241416;1248;-5592;-10581
1615395150.5540154;1275;-5557;-10396
1615395150.5838535;1283;-5500;-10216
1615395150.594459;1275;-5465;-10146
1615395150.6129756;1291;-5432;-10020
1615395150.6232061;1288;-5410;-9955
1615395150.6328366;1291;-5392;-9890
1615395150.6441069;1302;-5362;-9800
1615395150.653047;1302;-5347;-9721
1615395150.6830842;1322;-5282;-9488
1615395150.694093;1312;-5242;-9410
1615395150.7227876;1336;-5160;-9162
1615395150.75253;1343;-5072;-8892
1615395150.7825367;1343;-4982;-8620
1615395150.7935534;1355;-4952;-8511
1615395150.822434;1362;-4845;-8227
1615395150.8321;1365;-4820;-8113
1615395150.8428657;1372;-4782;-8001
1615395150.8618422;1370;-4700;-7807
1615395150.8715029;1386;-4665;-7677
1615395150.8812556;1391;-4632;-7573
1615395150.9112976;1412;-4535;-7230
1615395150.9212568;1400;-4505;-7113
1615395150.9311807;1407;-4465;-6991
1615395150.9423642;1410;-4400;-6860
1615395150.9712992;1428;-4280;-6508
1615395150.9814458;1436;-4230;-6386
1615395150.9922612;1438;-4185;-6241
1615395151.0103934;1436;-4105;-5993
1615395151.0203965;1452;-4047;-5860
1615395151.0307932;1450;-4022;-5732
1615395151.0600462;1457;-3875;-5333
1615395151.0705638;1467;-3825;-5190
1615395151.0799947;1473;-3772;-5067
1615395151.091561;1467;-3722;-4898
1615395151.1001394;1473;-3665;-4767
1615395151.1306527;1478;-3515;-4340
1615395151.141546;1486;-3462;-4187
1615395151.1699564;1497;-3317;-3753
1615395151.1995466;1507;-3160;-3298
1615395151.2097294;1521;-3092;-3146
1615395151.2406404;1531;-2907;-2675
1615395151.2495127;1528;-2852;-2543
1615395151.2792935;1536;-2670;-2083
1615395151.2905889;1557;-2602;-1885
1615395151.3195415;1557;-2407;-1437
1615395151.3506176;1586;-2230;-938
1615395151.35864;1586;-2160;-762
1615395151.3685696;1597;-2077;-615
1615395151.3785868;1595;-2025;-451
1615395151.389355;1610;-1937;-263
1615395151.419583;1607;-1735;208
1615395151.4278345;1618;-1650;375
1615395151.439073;1636;-1577;563
1615395151.4678886;1652;-1365;1048
1615395151.478451;1650;-1280;1225
1615395151.4886215;1663;-1195;1418
1615395151.5185237;1695;-952;1898
1615395151.5274346;1692;-877;2081
1615395151.538242;1700;-782;2282
1615395151.5672717;1707;-535;2762
1615395151.5772035;1710;-447;2947
1615395151.588036;1731;-347;3135
1615395151.5969353;1723;-260;3277
1615395151.6069674;1742;-180;3443
1615395151.637784;1750;112;3980
1615395151.6466544;1755;190;4116
1615395151.6563437;1757;282;4282
1615395151.6663237;1763;382;4443
1615395151.6764786;1771;482;4585
1615395151.6872365;1787;597;4772
1615395151.6965601;1785;670;4906
1615395151.7261367;1800;965;5353
1615395151.7370908;1802;1067;5508
1615395151.745903;1802;1162;5633
1615395151.7763095;1808;1447;6021
1615395151.7866068;1800;1552;6173
1615395151.8161385;1790;1827;6516
1615395151.8253994;1795;1927;6620
1615395151.836579;1792;2040;6737
1615395151.8653204;1763;2307;7040
1615395151.8950968;1755;2575;7320
1615395151.9050417;1728;2675;7391
1615395151.9364288;1697;2965;7620
1615395151.9449308;1692;3035;7685
1615395151.9756331;1650;3295;7835
1615395151.9861355;1621;3400;7897
1615395152.0147223;1573;3645;7998
1615395152.0241683;1555;3725;8028
1615395152.0356636;1531;3797;8080
1615395152.064213;1462;4027;8148
1615395152.093979;1381;4247;8153
1615395152.104477;1355;4307;8165
1615395152.1350226;1260;4505;8143
1615395152.1435516;1220;4570;8132
1615395152.173547;1122;4755;8061
1615395152.1845164;1080;4810;8037
1615395152.2131808;991;4962;7947
1615395152.2229893;935;5020;7906
1615395152.2340195;906;5072;7857
1615395152.2428617;870;5117;7832
1615395152.272568;735;5247;7675
1615395152.283605;701;5297;7615
1615395152.2923968;663;5340;7548
1615395152.3023314;637;5375;7488
1615395152.3123705;582;5407;7430
1615395152.3421307;440;5512;7216
1615395152.3521748;397;5550;7143
1615395152.3620849;347;5582;7075
1615395152.372032;305;5612;6977
1615395152.3829138;238;5632;6887
1615395152.4118795;100;5707;6626
1615395152.4213946;43;5712;6527
1615395152.4325497;-12;5735;6418
1615395152.441274;-57;5767;6323
1615395152.4511604;-100;5772;6217
1615395152.4614933;-165;5785;6113
1615395152.471262;-210;5797;6015
1615395152.4824977;-276;5795;5878
1615395152.4912918;-318;5802;5786
1615395152.520975;-482;5815;5413
1615395152.5338285;-552;5800;5271
1615395152.5610082;-713;5787;4871
1615395152.5704114;-768;5775;4723
1615395152.581515;-837;5770;4598
1615395152.5906994;-882;5760;4478
1615395152.6004808;-946;5752;4331
1615395152.631722;-1117;5677;3865
1615395152.6404965;-1172;5660;3718
1615395152.6705477;-1341;5562;3247
1615395152.6814983;-1400;5527;3056
1615395152.7102582;-1576;5427;2571
1615395152.7198396;-1612;5377;2402
1615395152.7309606;-1671;5332;2201
1615395152.7490726;-1761;5245;1882
1615395152.7592242;-1816;5197;1700
1615395152.769043;-1861;5150;1506
1615395152.7992496;-2021;4972;952
1615395152.8093069;-2075;4915;760
1615395152.8189325;-2113;4847;561
1615395152.8487883;-2258;4660;0
1615395152.869072;-2341;4507;-405
1615395152.8797343;-2391;4430;-607
1615395152.9085352;-2472;4222;-1173
1615395152.9187698;-2515;4132;-1370
1615395152.9294395;-2567;4040;-1596
1615395152.9484146;-2636;3892;-1952
1615395152.9584634;-2660;3792;-2162
1615395152.967732;-2696;3730;-2363
1615395152.9981964;-2788;3447;-2955
1615395153.0082421;-2812;3352;-3160
1615395153.0174894;-2845;3260;-3363
1615395153.0287063;-2865;3167;-3566
1615395153.037825;-2886;3097;-3732
1615395153.0678473;-2952;2810;-4320
1615395153.0788703;-2968;2702;-4538
1615395153.1078134;-3018;2430;-5102
1615395153.1372335;-3060;2127;-5642
1615395153.167285;-3087;1840;-6183
1615395153.1785257;-3100;1727;-6400
1615395153.2067955;-3128;1450;-6897
1615395153.2165284;-3131;1347;-7077
1615395153.227688;-3126;1235;-7252
1615395153.2461689;-3140;1050;-7548
1615395153.2559931;-3142;942;-7718
1615395153.265929;-3150;840;-7895
1615395153.2957542;-3140;577;-8366
1615395153.3065429;-3135;475;-8505
1615395153.3155644;-3137;395;-8661
1615395153.3452451;-3126;92;-9086
1615395153.354939;-3123;0;-9222
1615395153.3766234;-3105;-187;-9513
1615395153.3855863;-3102;-265;-9615
1615395153.4155204;-3073;-527;-9990
1615395153.4265068;-3068;-620;-10130
1615395153.455437;-3031;-860;-10458
1615395153.484938;-2986;-1105;-10756
1615395153.5152893;-2945;-1345;-11042
1615395153.5263054;-2945;-1422;-11137
1615395153.5442438;-2910;-1557;-11287
1615395153.5544906;-2895;-1645;-11363
1615395153.5643895;-2876;-1707;-11442
1615395153.5756967;-2868;-1782;-11513
1615395153.5940654;-2823;-1907;-11631
1615395153.6043932;-2812;-1980;-11696
1615395153.6140714;-2788;-2035;-11737
1615395153.6251445;-2773;-2110;-11786
1615395153.6437545;-2726;-2232;-11862
1615395153.654064;-2715;-2295;-11892
1615395153.6638904;-2700;-2350;-11941
1615395153.6747768;-2686;-2407;-11966
1615395153.6931725;-2633;-2505;-12006
1615395153.7034886;-2617;-2545;-12017
1615395153.7135556;-2593;-2595;-12031
1615395153.724645;-2577;-2647;-12031
1615395153.7428787;-2536;-2732;-12028
1615395153.753186;-2510;-2767;-12020
1615395153.763173;-2503;-2817;-12003
1615395153.774074;-2472;-2855;-11990
1615395153.7928772;-2422;-2930;-11941
1615395153.8029678;-2393;-2960;-11913
1615395153.8127375;-2377;-2997;-11883
1615395153.824103;-2358;-3022;-11832
1615395153.8427289;-2293;-3070;-11733
1615395153.8522196;-2280;-3100;-11701
1615395153.8623452;-2253;-3107;-11631
1615395153.8734837;-2232;-3150;-11571
1615395153.892123;-2193;-3187;-11445
1615395153.9023235;-2172;-3197;-11382
1615395153.9124284;-2142;-3205;-11308
1615395153.923042;-2111;-3220;-11213
1615395153.9416995;-2077;-3245;-11047
1615395153.9519007;-2047;-3242;-10957
1615395153.9620109;-2018;-3237;-10867
1615395153.9731314;-2003;-3242;-10751
1615395153.9910777;-1945;-3240;-10541
1615395154.0016727;-1930;-3230;-10440
1615395154.0113575;-1902;-3227;-10331
1615395154.0224087;-1871;-3217;-10197
1615395154.0409224;-1826;-3205;-9963
1615395154.0510955;-1808;-3192;-9837
1615395154.0612512;-1776;-3180;-9717
1615395154.091278;-1705;-3125;-9312
1615395154.1006098;-1692;-3097;-9176
1615395154.1108196;-1681;-3070;-9028
1615395154.121573;-1650;-3047;-8867
1615395154.1505086;-1600;-2950;-8451
1615395154.16042;-1571;-2922;-8290
1615395154.1716707;-1562;-2887;-8107
1615395154.190616;-1515;-2827;-7800
1615395154.1999383;-1500;-2785;-7628
1615395154.210062;-1486;-2745;-7476
1615395154.2212317;-1478;-2705;-7273
1615395154.2301002;-1465;-2672;-7127
1615395154.2601454;-1423;-2525;-6576
1615395154.2713654;-1420;-2465;-6372
1615395154.299389;-1383;-2317;-5821
1615395154.3298833;-1370;-2152;-5238
1615395154.359374;-1365;-1957;-4628
1615395154.370194;-1352;-1892;-4400
1615395154.3990688;-1357;-1705;-3802
1615395154.4296308;-1357;-1502;-3173
1615395154.4387777;-1381;-1432;-2952
1615395154.469766;-1396;-1207;-2268
1615395154.4987504;-1428;-1007;-1640
1615395154.5082703;-1447;-912;-1405
1615395154.518885;-1467;-845;-1178
1615395154.547908;-1515;-622;-520
1615395154.558591;-1538;-545;-298
1615395154.5682862;-1562;-465;-46
1615395154.5773094;-1592;-402;125
1615395154.5874372;-1618;-337;365
1615395154.5970578;-1640;-245;590
1615395154.6069477;-1657;-172;816
1615395154.6370854;-1752;60;1490
1615395154.6464522;-1773;127;1726
1615395154.656717;-1816;195;1942
1615395154.6867964;-1916;412;2626
1615395154.6964657;-1956;480;2822
1615395154.706304;-1995;555;3048
1615395154.746659;-2172;825;3882
1615395154.7564332;-2216;867;4097
1615395154.7676477;-2282;945;4326
1615395154.7960567;-2403;1117;4885
1615395154.8063374;-2462;1162;5081
1615395154.817393;-2520;1220;5296
1615395154.8458705;-2678;1350;5813
1615395154.875691;-2847;1447;6317
1615395154.88538;-2905;1472;6483
1615395154.9167855;-3102;1562;6941
1615395154.944719;-3261;1615;7306
1615395154.9550257;-3327;1630;7423
1615395154.9663491;-3418;1625;7562
1615395154.9949107;-3598;1612;7855
1615395155.0245566;-3801;1555;8132
1615395155.034689;-3865;1527;8197
1615395155.0653734;-4070;1407;8366
1615395155.094561;-4247;1262;8465
1615395155.1042328;-4310;1202;8481
1615395155.114895;-4400;1125;8505
1615395155.1333652;-4502;977;8500
1615395155.1438174;-4558;900;8497
1615395155.1531768;-4630;792;8476
1615395155.1934443;-4875;390;8322
1615395155.203691;-4927;270;8255
1615395155.2143354;-5006;110;8173
1615395155.2433684;-5141;-292;7906
1615395155.2531805;-5186;-445;7800
1615395155.264151;-5236;-642;7680
1615395155.2932327;-5333;-1140;7306
1615395155.3030167;-5370;-1320;7157
1615395155.3140554;-5412;-1552;6975
1615395155.3325658;-5452;-1922;6658
1615395155.342295;-5473;-2135;6472
1615395155.3524327;-5486;-2360;6273
1615395155.382419;-5497;-3035;5666
1615395155.3919463;-5497;-3285;5432
1615395155.401881;-5502;-3527;5197
1615395155.4131384;-5500;-3822;4933
1615395155.4423628;-5410;-4555;4201
1615395155.4518242;-5378;-4822;3933
1615395155.462664;-5346;-5130;3642
1615395155.4813147;-5257;-5645;3132
1615395155.4914134;-5180;-5930;2825
1615395155.5010946;-5127;-6220;2533
1615395155.5313938;-4882;-7072;1615
1615395155.5409582;-4795;-7367;1301
1615395155.550812;-4690;-7655;977
1615395155.5620172;-4590;-7985;620
1615395155.571085;-4476;-8235;340
1615395155.5805893;-4357;-8532;26
1615395155.590826;-4228;-8807;-301
1615395155.6011908;-4091;-9107;-620
1615395155.6122775;-3941;-9427;-1002
1615395155.6413321;-3511;-10235;-1952
1615395155.67089;-2966;-11062;-2933
1615395155.7010036;-2370;-11832;-3906
1615395155.7118008;-2137;-12105;-4252
1615395155.7302935;-1731;-12540;-4832
1615395155.740333;-1491;-12772;-5141
1615395155.75011;-1267;-12980;-5435
1615395155.7609224;-991;-13227;-5767
1615395155.7795906;-537;-13585;-6273
1615395155.7896414;-268;-13765;-6560
1615395155.7998347;-12;-13930;-6818
1615395155.8103662;276;-14117;-7107
1615395155.819441;508;-14252;-7323
1615395155.8498223;1312;-14622;-8010
1615395155.8611336;1612;-14752;-8255
1615395155.8788736;2122;-14915;-8606
1615395155.8891253;2417;-14982;-8783
1615395155.8987389;2691;-15030;-8938
1615395155.9100804;2997;-15087;-9137
1615395155.9290006;3496;-15115;-9396
1615395155.938629;3772;-15132;-9518
1615395155.9487343;4041;-15125;-9638
1615395155.9597678;4347;-15107;-9751
1615395155.978347;4856;-15020;-9890
1615395155.9883695;5093;-14972;-9960
1615395155.9986277;5365;-14897;-10020
1615395156.0097926;5636;-14805;-10058
1615395156.028296;6101;-14590;-10105
1615395156.0380323;6327;-14457;-10086
1615395156.048376;6536;-14305;-10083
1615395156.0592782;6817;-14152;-10066
1615395156.0777671;7202;-13822;-9990
1615395156.0879927;7418;-13615;-9911
1615395156.117534;7962;-12930;-9661
1615395156.1477964;8447;-12125;-9285
1615395156.1585624;8616;-11797;-9126
1615395156.176921;8848;-11197;-8800
1615395156.1872597;8951;-10865;-8625
1615395156.1976933;9051;-10525;-8435
1615395156.2081149;9186;-10130;-8211
1615395156.2268996;9320;-9452;-7797
1615395156.2370937;9383;-9062;-7562
1615395156.2464974;9438;-8670;-7326
1615395156.2762597;9550;-7430;-6543
1615395156.2864695;9565;-7005;-6260
1615395156.296933;9565;-6565;-5977
1615395156.3073738;9576;-6072;-5647
1615395156.3369434;9488;-4780;-4767
1615395156.3460298;9443;-4305;-4453
1615395156.3570116;9386;-3807;-4102
1615395156.3755202;9248;-2947;-3483
1615395156.3856518;9165;-2482;-3155
1615395156.3958647;9070;-2030;-2822
1615395156.4065666;8958;-1517;-2443
1615395156.4157324;8827;-1115;-2157
1615395156.4454126;8437;262;-1130
1615395156.4565597;8283;760;-743
1615395156.4656932;8138;1137;-432
1615395156.4751935;7965;1587;-106
1615395156.4847565;7772;2025;233
1615395156.5150898;7190;3292;1228
1615395156.524638;6981;3707;1557
1615395156.5554905;6272;4937;2560
1615395156.5648844;6040;5265;2816
1615395156.5942287;5241;6340;3726
1615395156.604867;4953;6707;4053
1615395156.6342974;4096;7587;4838
1615395156.6440492;3791;7875;5102
1615395156.6550825;3458;8187;5377
1615395156.6840482;2553;8892;6045
1615395156.7136269;1576;9492;6668
1615395156.7236617;1236;9660;6867
1615395156.7544007;183;10082;7388
1615395156.7630317;-107;10172;7530
1615395156.7941709;-1098;10392;7901
1615395156.8041503;-1488;10447;8010
1615395156.8232944;-2063;10500;8195
1615395156.8329895;-2403;10497;8257
1615395156.8424664;-2712;10475;8310
1615395156.8540595;-3090;10410;8361
1615395156.8724558;-3658;10290;8437
1615395156.8823957;-3957;10200;8442
1615395156.892296;-4250;10095;8442
1615395156.9032335;-4578;9970;8437
1615395156.9322267;-5338;9530;8340
1615395156.9422128;-5583;9335;8273
1615395156.9529378;-5885;9120;8213
1615395156.9713707;-6306;8700;8053
1615395156.98144;-6512;8450;7968
1615395156.991403;-6726;8190;7843
1615395157.021588;-7268;7335;7440
1615395157.0311477;-7442;7012;7285
1615395157.0412986;-7580;6687;7118
1615395157.0712187;-7957;5625;6532
1615395157.081521;-8070;5247;6323
1615395157.090824;-8155;4867;6091
1615395157.1022115;-8252;4415;5825
1615395157.1305773;-8410;3235;5088
1615395157.1405861;-8423;2797;4825
1615395157.1521645;-8455;2305;4511
1615395157.1701949;-8199;1472;3982
1615395157.180121;-8431;1025;3680
1615395157.1900482;-8383;577;3361
1615395157.2203188;-8200;-810;2397
1615395157.2301612;-8115;-1262;2070
1615395157.2399378;-8033;-1727;1730
1615395157.2696195;-7667;-3075;705
1615395157.2798967;-7548;-3535;358
1615395157.2893202;-7380;-3970;21
1615395157.3197184;-6865;-5270;-1023
1615395157.3298028;-6678;-5680;-1375
1615395157.3395646;-6475;-6095;-1710
1615395157.3693016;-5826;-7290;-2721
1615395157.3792512;-5588;-7670;-3072
1615395157.389177;-5333;-8040;-3410
1615395157.4003925;-5041;-8442;-3770
1615395157.4294724;-4262;-9387;-4656
1615395157.4595401;-3377;-10290;-5571
1615395157.4889178;-2456;-11055;-6383
1615395157.4996982;-2108;-11325;-6685
1615395157.5185518;-1497;-11710;-7132
1615395157.5286171;-1175;-11890;-7366
1615395157.5384185;-843;-12060;-7573
1615395157.5494552;-466;-12220;-7825
1615395157.5788984;471;-12560;-8345
1615395157.6084108;1486;-12785;-8811
1615395157.6381037;2465;-12850;-9183
1615395157.648981;2838;-12830;-9285
1615395157.6670496;3432;-12765;-9428
1615395157.677395;3732;-12697;-9488
1615395157.687445;4028;-12637;-9535
1615395157.6983907;4381;-12522;-9571
1615395157.7169874;4913;-12297;-9587
1615395157.7270167;5203;-12155;-9587
1615395157.73704;5486;-12002;-9581
1615395157.7481976;5783;-11805;-9551
1615395157.7669156;6256;-11425;-9456
1615395157.7768672;6512;-11190;-9402
1615395157.786482;6726;-10955;-9328
1615395157.7975533;6995;-10672;-9227
1615395157.8268034;7572;-9840;-8901
1615395157.8562803;8110;-8842;-8451
1615395157.866586;8260;-8465;-8292
1615395157.8973088;8666;-7237;-7682
1615395157.925886;8916;-5995;-7031
1615395157.935466;8987;-5535;-6783
1615395157.9468489;9056;-5027;-6513
1615395157.964946;9103;-4122;-5991
1615395157.9756541;9112;-3630;-5721
1615395157.9852602;9115;-3122;-5423
1615395158.0151296;9048;-1612;-4525
1615395158.0252442;8998;-1092;-4208
1615395158.0346947;8937;-572;-3887
1615395158.0453818;8840;7;-3513
1615395158.0547066;8742;452;-3236
1615395158.0645049;8632;977;-2896
1615395158.074754;8518;1500;-2563
1615395158.084758;8371;2012;-2220
1615395158.09562;8228;2607;-1822
1615395158.1246214;7735;4072;-832
1615395158.1348264;7540;4572;-473
1615395158.1451547;7308;5105;-97
1615395158.1540716;7102;5535;190
1615395158.1841023;6388;6920;1220
1615395158.1951425;6101;7397;1593
1615395158.2237477;5305;8605;2495
1615395158.2338104;4996;8997;2813
1615395158.2454026;4650;9402;3167
1615395158.262943;4065;10055;3691
1615395158.272955;3741;10395;3968
1615395158.2832565;3401;10705;4241
1615395158.2942712;3010;11052;4552
1615395158.3234026;2013;11805;5238
1615395158.3530347;941;12470;5873
1615395158.3633106;582;12660;6061
1615395158.3935487;-558;13127;6601
1615395158.4022913;-866;13235;6715
1615395158.43308;-1913;13485;7075
1615395158.4433525;-2315;13550;7190
1615395158.4616888;-2945;13582;7331
1615395158.4722981;-3263;13580;7388
1615395158.4819987;-3582;13572;7435
1615395158.4930823;-3978;13535;7478
1615395158.5220752;-4846;13355;7502
1615395158.5520833;-5705;13020;7426
1615395158.5819283;-6443;12570;7236
1615395158.5925412;-6728;12367;7127
1615395158.6113741;-7128;11982;6927
1615395158.6212418;-7347;11752;6805
1615395158.6316094;-7513;11525;6661
1615395158.6420386;-7743;11235;6500
1615395158.6613076;-8033;10737;6197
1615395158.670477;-8188;10460;6010
1615395158.680857;-8321;10150;5818
1615395158.691372;-8478;9807;5598
1615395158.7015982;-8558;9535;5413
1615395158.7306414;-8837;8537;4732
1615395158.7418554;-8937;8127;4446
1615395158.770289;-9070;7082;3680
1615395158.8009062;-9115;5912;2813
1615395158.8302763;-9080;4715;1876
1615395158.8406734;-9041;4265;1511
1615395158.869918;-8892;3112;557
1615395158.879344;-8830;2717;220
1615395158.8903701;-8742;2245;-162
1615395158.8993385;-8658;1882;-448
1615395158.9300945;-8381;707;-1503
1615395158.939823;-8252;262;-1887
1615395158.9489198;-8131;-60;-2190
1615395158.959046;-8012;-437;-2538
1615395158.9904716;-7596;-1617;-3615
1615395158.9987829;-7458;-1932;-3915
1615395159.0287306;-6995;-2980;-4911
1615395159.0399134;-6807;-3355;-5273
1615395159.0582993;-6470;-3952;-5862
1615395159.0681918;-6296;-4265;-6176
1615395159.0780513;-6121;-4557;-6476
1615395159.1076932;-5550;-5452;-7363
1615395159.118296;-5352;-5720;-7652
1615395159.1274831;-5167;-5977;-7911
1615395159.138878;-4940;-6262;-8206
1615395159.167817;-4363;-6915;-8917
1615395159.1976852;-3706;-7535;-9578
1615395159.2074137;-3485;-7712;-9772
1615395159.2387946;-2815;-8237;-10355
1615395159.2675796;-2180;-8602;-10800
1615395159.2973735;-1500;-8917;-11142
1615395159.316546;-1046;-9062;-11315
1615395159.3268623;-830;-9102;-11398
1615395159.3570156;-147;-9195;-11581
1615395159.366553;76;-9207;-11615
1615395159.376529;292;-9217;-11631
1615395159.3879032;540;-9205;-11631
1615395159.3960557;742;-9180;-11633
1615395159.4267123;1383;-9032;-11560
1615395159.43733;1631;-8957;-11505
1615395159.4560113;2021;-8787;-11380
1615395159.4658065;2225;-8690;-11312
1615395159.4759526;2430;-8555;-11211
1615395159.4877381;2648;-8412;-11100
1615395159.5053904;3026;-8127;-10862
1615395159.5152588;3202;-7957;-10737
1615395159.526383;3382;-7772;-10585
1615395159.5367563;3596;-7555;-10423
1615395159.55545;3907;-7160;-10105
1615395159.5648108;4070;-6925;-9933
1615395159.5750182;4212;-6690;-9740
1615395159.5860553;4395;-6400;-9486
1615395159.6144702;4758;-5615;-8841
1615395159.6244087;4877;-5312;-8622
1615395159.6357148;5006;-4967;-8347
1615395159.6542146;5172;-4352;-7865
1615395159.664134;5257;-4017;-7590
1615395159.6743124;5331;-3662;-7315
1615395159.7043946;5481;-2580;-6467
1615395159.7142112;5497;-2205;-6176
1615395159.7270746;5521;-1810;-5878
1615395159.7350342;5523;-1372;-5522
1615395159.763854;5470;-210;-4617
1615395159.7736537;5428;192;-4291
1615395159.7846375;5372;650;-3938
1615395159.813225;5141;1842;-3023
1615395159.8238337;5038;2257;-2688
1615395159.8342872;4922;2702;-2326
1615395159.853063;4685;3455;-1721
1615395159.8625822;4523;3852;-1391
1615395159.8726285;4378;4252;-1075
1615395159.9026678;3820;5402;-152
1615395159.9120905;3627;5770;152
1615395159.9220119;3406;6137;462
1615395159.9524922;2705;7172;1317
1615395159.9617968;2446;7490;1593
1615395159.9719331;2177;7800;1873
1615395160.0024312;1352;8680;2661
1615395160.0115225;1051;8940;2901
1615395160.0215898;748;9177;3127
1615395160.0326855;392;9462;3407
1615395160.0415852;123;9657;3590
1615395160.0514286;-195;9862;3797
1615395160.0617495;-523;10062;4026
1615395160.092249;-1528;10550;4590
1615395160.1214612;-2557;10892;5083
1615395160.1324697;-2957;11000;5250
1615395160.1506782;-3603;11125;5513
1615395160.1607661;-3946;11152;5612
1615395160.1708806;-4281;11180;5723
1615395160.2009878;-5296;11147;6001
1615395160.2107718;-5633;11092;6067
1615395160.240854;-6610;10857;6230
1615395160.2704387;-7548;10467;6320
1615395160.281445;-7886;10297;6333
1615395160.2995512;-8395;9945;6312
1615395160.3095503;-8668;9740;6301
1615395160.3200862;-8951;9522;6271
1615395160.3311276;-9257;9245;6236
1615395160.3396657;-9452;9025;6187
1615395160.3697224;-10140;8165;5982
1615395160.3814204;-10387;7807;5908
1615395160.3988965;-10743;7177;5740
1615395160.4092405;-10917;6822;5628
1615395160.4191709;-11090;6435;5497
1615395160.4301326;-11285;6005;5370
1615395160.4591615;-11677;4835;4982
1615395160.4889557;-11972;3507;4513
1615395160.5190563;-12183;2087;3980
1615395160.5296917;-12238;1550;3767
1615395160.5483778;-12273;615;3421
1615395160.5581365;-12288;115;3208
1615395160.5682225;-12291;-385;2998
1615395160.5980606;-12212;-1905;2340
1615395160.6085744;-12150;-2445;2116
1615395160.6180274;-12088;-2962;1857
1615395160.629247;-12022;-3555;1620
1615395160.6475525;-11812;-4512;1187
1615395160.657656;-11708;-5030;931
1615395160.6675847;-11580;-5555;693
1615395160.679274;-11458;-6135;427
1615395160.687765;-11313;-6567;208
1615395160.7179022;-10807;-8047;-536
1615395160.7286649;-10577;-8605;-792
1615395160.7573822;-9937;-9952;-1487
1615395160.787208;-9167;-11280;-2195
1615395160.8170702;-8307;-12517;-2896
1615395160.8282185;-7965;-12945;-3165
1615395160.846497;-7342;-13630;-3568
1615395160.8565269;-7021;-13977;-3788
1615395160.8667576;-6670;-14302;-4001
1615395160.8775845;-6280;-14682;-4250
1615395160.896499;-5595;-15235;-4620
1615395160.9063046;-5222;-15510;-4811
1615395160.916314;-4835;-15765;-5001
1615395160.927607;-4418;-16072;-5222
1615395160.946132;-3688;-16487;-5532
1615395160.955784;-3290;-16702;-5691
1615395160.9661155;-2897;-16877;-5873
1615395160.9770296;-2453;-17087;-6056
1615395160.9952097;-1705;-17367;-6315
1615395161.005826;-1320;-17510;-6462
1615395161.0154605;-906;-17622;-6578
1615395161.0264454;-458;-17737;-6721
1615395161.0555515;658;-17947;-7026
1615395161.0850832;1802;-18030;-7276
1615395161.1148844;2891;-18005;-7476
1615395161.1261487;3295;-17947;-7557
1615395161.144321;3931;-17845;-7606
1615395161.1545727;4247;-17767;-7666
1615395161.1643455;4556;-17682;-7675
1615395161.1756492;4925;-17557;-7698
1615395161.1940842;5441;-17322;-7688
1615395161.2042358;5716;-17182;-7693
1615395161.2142093;5992;-17027;-7677
1615395161.225161;6303;-16847;-7645
1615395161.2438087;6741;-16505;-7573
1615395161.253983;6968;-16297;-7518
1615395161.2638125;7176;-16097;-7478
1615395161.2749832;7413;-15857;-7410
1615395161.3040714;7922;-15157;-7183
1615395161.3342826;8338;-14370;-6876
1615395161.363452;8642;-13497;-6518
1615395161.3746784;8763;-13150;-6370
1615395161.3930612;8872;-12572;-6088
1615395161.4031317;8930;-12252;-5936
1615395161.4131303;8958;-11910;-5765
1615395161.4240494;9003;-11552;-5590
1615395161.4429226;9017;-10920;-5250
1615395161.452607;9008;-10580;-5067
1615395161.4624903;8990;-10225;-4860
1615395161.4736025;8966;-9850;-4656
1615395161.4919503;8882;-9210;-4257
1615395161.5025623;8827;-8847;-4037
1615395161.5119433;8763;-8525;-3816
1615395161.5422695;8558;-7505;-3148
1615395161.5519865;8471;-7160;-2912
1615395161.5617123;8371;-6822;-2675
1615395161.5727801;8247;-6457;-2400
1615395161.6020334;7912;-5522;-1688
1615395161.611795;7793;-5207;-1432
1615395161.623331;7656;-4865;-1143
1615395161.6413271;7390;-4302;-656
1615395161.6509516;7263;-4005;-397
1615395161.6608531;7107;-3715;-127
1615395161.7012224;6493;-2617;903
1615395161.7107315;6332;-2362;1171
1615395161.7224853;6166;-2082;1446
1615395161.7403765;5858;-1620;1938
1615395161.7503388;5700;-1390;2198
1615395161.7602792;5538;-1185;2448
1615395161.7901437;5048;-550;3197
1615395161.8001072;4885;-345;3448
1615395161.8102767;4727;-157;3682
1615395161.839655;4262;362;4380
1615395161.849685;4102;522;4606
1615395161.859546;3946;675;4835
1615395161.889511;3487;1102;5476
1615395161.8993893;3340;1237;5668
1615395161.9092457;3182;1355;5873
1615395161.939305;2767;1695;6442
1615395161.949253;2633;1797;6606
1615395161.958944;2488;1885;6770
1615395161.970059;2335;1977;6952
1615395161.9790738;2222;2065;7070
1615395162.0091357;1856;2275;7500
1615395162.0201054;1713;2335;7647
1615395162.0487452;1391;2482;7966
1615395162.0592172;1286;2527;8053
1615395162.0694406;1153;2557;8153
1615395162.0883162;965;2615;8301
1615395162.0980828;863;2632;8358
1615395162.1079404;775;2652;8423
1615395162.1485436;437;2677;8560
1615395162.177558;181;2640;8573
1615395162.1876523;112;2627;8571
1615395162.1971798;38;2605;8555
1615395162.2074504;-28;2595;8525
1615395162.2182884;-93;2570;8488
1615395162.227314;-168;2535;8446
1615395162.2373743;-223;2507;8393
1615395162.2471676;-286;2475;8336
1615395162.2567832;-340;2430;8262
1615395162.2682884;-395;2382;8190
1615395162.2969165;-535;2247;7933
1615395162.3068273;-582;2187;7816
1615395162.3181393;-647;2107;7696
1615395162.3467398;-737;1917;7317
1615395162.356507;-772;1847;7160
1615395162.3675985;-825;1765;7001
1615395162.396499;-901;1540;6522
1615395162.4064584;-937;1462;6336
1615395162.4171963;-956;1360;6123
1615395162.4261925;-967;1277;5933
1615395162.4560227;-1015;992;5312
1615395162.467159;-1046;897;5075
1615395162.4761493;-1051;817;4876
1615395162.4856462;-1058;710;4636
1615395162.4955575;-1067;625;4391
1615395162.5256407;-1065;287;3661
1615395162.535125;-1077;185;3388
1615395162.5450945;-1082;72;3143
1615395162.5549753;-1075;-32;2852
1615395162.5662355;-1072;-147;2550
1615395162.5754893;-1048;-242;2312
1615395162.5848546;-1046;-362;2012
1615395162.615887;-1038;-715;1116
1615395162.6248858;-1032;-815;860
1615395162.6347039;-1025;-935;547
1615395162.6447754;-993;-1047;258
1615395162.6543484;-982;-1170;-42
1615395162.6656365;-965;-1290;-372
1615395162.6747377;-948;-1392;-637
1615395162.684384;-917;-1507;-942
1615395162.6945324;-906;-1630;-1241
1615395162.704591;-880;-1732;-1552
1615395162.715475;-866;-1870;-1903
1615395162.744329;-808;-2207;-2781
1615395162.7541099;-780;-2320;-3088
1615395162.7651794;-745;-2440;-3435
1615395162.7942002;-677;-2765;-4303
1615395162.8039389;-642;-2872;-4601
1615395162.814857;-623;-2997;-4931
1615395162.843888;-545;-3307;-5753
1615395162.8736706;-445;-3630;-6596
1615395162.8835936;-407;-3732;-6862
1615395162.893485;-383;-3837;-7140
1615395162.9232926;-302;-4137;-7922
1615395162.9334753;-271;-4247;-8176
1615395162.9638293;-160;-4527;-8913
1615395162.9729383;-128;-4595;-9107
1615395162.982904;-102;-4690;-9345
1615395163.0136294;10;-4937;-9985
1615395163.0227299;20;-5007;-10142
1615395163.0325892;65;-5080;-10345
1615395163.0633461;160;-5302;-10883
1615395163.0717936;200;-5362;-11015
1615395163.1023057;292;-5547;-11472
1615395163.1132412;326;-5607;-11611
1615395163.1420348;413;-5752;-11957
1615395163.1716619;516;-5867;-12227
1615395163.1816437;540;-5912;-12301
1615395163.2123754;627;-6007;-12513
1615395163.241069;711;-6077;-12641
1615395163.270966;782;-6130;-12682
1615395163.2811172;808;-6135;-12690
1615395163.3115573;882;-6152;-12677
1615395163.3407485;946;-6140;-12601
1615395163.3503385;970;-6115;-12546
1615395163.3610947;982;-6117;-12495
1615395163.379991;1022;-6095;-12371
1615395163.3905127;1038;-6077;-12312
1615395163.4000053;1065;-6057;-12232
1615395163.4110873;1075;-6037;-12140
1615395163.42949;1120;-5980;-11946
1615395163.4396684;1136;-5957;-11848
1615395163.449731;1151;-5925;-11740
1615395163.4610033;1167;-5890;-11620
1615395163.4895968;1207;-5770;-11241
1615395163.519525;1241;-5662;-10827
1615395163.5492394;1281;-5507;-10328
1615395163.560544;1283;-5455;-10135
1615395163.5785358;1317;-5332;-9783
1615395163.5884187;1326;-5277;-9603
1615395163.598716;1341;-5222;-9418
1615395163.6095474;1346;-5140;-9181
1615395163.618899;1350;-5090;-9017
1615395163.648237;1378;-4905;-8382
1615395163.659647;1381;-4802;-8143
1615395163.6778743;1391;-4670;-7712
1615395163.6876192;1405;-4600;-7481
1615395163.6977506;1405;-4517;-7266
1615395163.7277977;1436;-4270;-6538
1615395163.7382534;1431;-4187;-6298
1615395163.7480867;1447;-4107;-6053
1615395163.7584841;1452;-4000;-5753
1615395163.7677152;1462;-3927;-5541
1615395163.7976515;1486;-3657;-4762
1615395163.8085573;1488;-3557;-4476
1615395163.8268929;1495;-3360;-3966
1615395163.8371592;1518;-3265;-3710
1615395163.8474102;1518;-3175;-3457
1615395163.8766398;1538;-2882;-2650
1615395163.8871682;1538;-2777;-2388
1615395163.8966007;1571;-2682;-2102
1615395163.9076152;1557;-2550;-1806
1615395163.9166865;1562;-2445;-1573
1615395163.9465554;1597;-2127;-776
1615395163.9572258;1597;-2000;-476
1615395163.986006;1633;-1685;282
1615395163.9960263;1640;-1567;531
1615395164.0069249;1647;-1445;830
1615395164.0160253;1657;-1347;1051
1615395164.046871;1692;-985;1802
1615395164.056903;1695;-855;2081
1615395164.0654004;1705;-750;2293
1615395164.0956275;1728;-400;2996
1615395164.1062317;1747;-270;3263
1615395164.1150393;1747;-157;3453
1615395164.1250343;1761;-45;3670
1615395164.1348698;1766;87;3890
1615395164.1447742;1768;202;4105
1615395164.1559715;1768;337;4331
1615395164.1644995;1781;442;4506
1615395164.174911;1778;570;4702
1615395164.2056153;1797;945;5301
1615395164.2143059;1787;1040;5453
1615395164.224554;1795;1177;5636
1615395164.2555113;1802;1550;6151
1615395164.264356;1787;1650;6268
1615395164.2941566;1797;2012;6702
1615395164.3049948;1778;2145;6862
1615395164.3338282;1766;2475;7200
1615395164.363799;1721;2812;7502
1615395164.3736064;1705;2930;7587
1615395164.4041781;1652;3275;7818
1615395164.4135103;1623;3357;7873
1615395164.4429939;1550;3662;8031
1615395164.4540443;1523;3805;8067
1615395164.483239;1431;4077;8151
1615395164.5125816;1322;4352;8190
1615395164.522723;1286;4440;8156
1615395164.553421;1148;4695;8093
1615395164.5624125;1122;4780;8072
1615395164.5919416;970;4987;7941
1615395164.6029916;896;5072;7865
1615395164.6115332;853;5140;7811
1615395164.6214764;796;5200;7745
1615395164.6317174;742;5267;7668
1615395164.6618376;556;5422;7416
1615395164.6712923;495;5467;7323
1615395164.6809967;431;5522;7211
1615395164.6910799;373;5552;7100
1615395164.7022722;283;5600;6980
1615395164.7305715;86;5702;6615
1615395164.7408545;31;5727;6483
1615395164.7514594;-62;5745;6326
1615395164.760641;-112;5772;6192
1615395164.7708747;-200;5782;6037
1615395164.7804549;-266;5797;5890
1615395164.790547;-345;5810;5737
1615395164.8017704;-435;5812;5557
1615395164.8307295;-647;5790;5047
1615395164.8403435;-721;5795;4876
1615395164.8511324;-811;5780;4663
1615395164.880147;-1032;5717;4091
1615395164.8904037;-1115;5695;3895
1615395164.9017067;-1196;5645;3661
1615395164.9193783;-1336;5575;3273
1615395164.9293396;-1412;5522;3058
1615395164.939715;-1478;5477;2838
1615395164.9692945;-1707;5307;2157
1615395164.979592;-1763;5260;1931
1615395164.9892979;-1837;5192;1680
1615395165.0004363;-1895;5107;1411
1615395165.0090678;-1963;5055;1192
1615395165.0389256;-2146;4807;448
1615395165.0498827;-2213;4717;182
1615395165.0587506;-2256;4630;-35
1615395165.0689156;-2301;4537;-291
1615395165.0786357;-2362;4445;-538
1615395165.0889275;-2415;4357;-790
1615395165.09979;-2477;4245;-1083
1615395165.1291354;-2596;3957;-1825
1615395165.1587245;-2743;3622;-2571
1615395165.1689093;-2770;3497;-2838
1615395165.1993563;-2876;3140;-3631
1615395165.2287395;-2957;2797;-4340
1615395165.23817;-2981;2687;-4590
1615395165.248693;-3000;2520;-4887
1615395165.2672737;-3042;2290;-5328
1615395165.277402;-3042;2172;-5560
1615395165.28782;-3068;2042;-5811
1615395165.317016;-3107;1662;-6502
1615395165.3270397;-3107;1527;-6732
1615395165.3376532;-3137;1400;-6961
1615395165.3481195;-3128;1255;-7211
1615395165.3768697;-3142;895;-7807
1615395165.3871238;-3140;765;-8023
1615395165.397612;-3147;632;-8252
1615395165.4265435;-3140;282;-8805
1615395165.4366856;-3128;167;-8998
1615395165.4472876;-3121;22;-9186
1615395165.4562712;-3111;-75;-9331
1615395165.4663723;-3105;-190;-9500
1615395165.497824;-3078;-545;-10003
1615395165.5061214;-3057;-635;-10137
1615395165.5359347;-3023;-957;-10560
1615395165.547226;-3002;-1072;-10701
1615395165.5660615;-2976;-1262;-10911
1615395165.5753653;-2950;-1345;-11028
1615395165.585508;-2926;-1445;-11142
1615395165.5966196;-2921;-1540;-11252
1615395165.615541;-2876;-1710;-11407
1615395165.6255915;-2865;-1795;-11508
1615395165.635487;-2838;-1870;-11578
1615395165.646336;-2817;-1962;-11666
1615395165.664965;-2765;-2115;-11761
1615395165.6751535;-2750;-2175;-11810
1615395165.6853588;-2736;-2252;-11870
1615395165.6963549;-2707;-2327;-11922
1615395165.7148094;-2670;-2435;-11955
1615395165.7247775;-2646;-2505;-11992
1615395165.734681;-2612;-2552;-12015
1615395165.7457275;-2586;-2622;-12017
1615395165.7646644;-2538;-2727;-12010
1615395165.7742178;-2507;-2767;-12003
1615395165.7843401;-2486;-2820;-11992
1615395165.7955372;-2462;-2877;-11973
1615395165.8141217;-2408;-2940;-11911
1615395165.8246047;-2388;-2987;-11865
1615395165.833744;-2338;-3015;-11827
1615395165.8451316;-2330;-3057;-11783
1615395165.8640501;-2282;-3100;-11661
1615395165.8739948;-2248;-3120;-11606
1615395165.8836036;-2225;-3152;-11525
1615395165.8946145;-2196;-3180;-11437
1615395165.9135966;-2127;-3215;-11273
1615395165.9234457;-2101;-3217;-11176
1615395165.9332616;-2066;-3230;-11077
1615395165.9443245;-2047;-3240;-10968
1615395165.9628816;-1992;-3227;-10747
1615395165.9732344;-1963;-3235;-10625
1615395165.9831476;-1930;-3230;-10497
1615395166.0329845;-1800;-3185;-9788
1615395166.0627518;-1721;-3122;-9317
1615395166.072343;-1683;-3077;-9137
1615395166.0820274;-1666;-3055;-8968
1615395166.0938218;-1645;-3020;-8770
1615395166.122499;-1565;-2907;-8216
1615395166.1522505;-1507;-2787;-7615
1615395166.1812532;-1457;-2632;-6993
1615395166.1925368;-1438;-2570;-6753
1615395166.2230787;-1402;-2390;-6111
1615395166.2514124;-1372;-2207;-5416
1615395166.2810006;-1370;-1997;-4705
1615395166.2917998;-1355;-1897;-4430
1615395166.3215175;-1350;-1662;-3737
1615395166.3507493;-1372;-1440;-2991
1615395166.3607101;-1383;-1360;-2737
1615395166.3920403;-1423;-1110;-1952
1615395166.4203537;-1460;-862;-1228
1615395166.4305348;-1483;-775;-980
1615395166.4407623;-1507;-682;-693
1615395166.4496992;-1523;-615;-481
1615395166.459526;-1552;-535;-217
1615395166.469204;-1568;-437;10
1615395166.4794683;-1597;-360;261
1615395166.5098238;-1687;-125;1010
1615395166.5189881;-1713;-22;1258
1615395166.5288646;-1750;57;1492
1615395166.558776;-1858;277;2187
1615395166.56878;-1887;347;2435
1615395166.5782714;-1923;432;2666
1615395166.6193278;-2111;717;3555
1615395166.6287787;-2148;782;3776
1615395166.6394286;-2201;850;3998
1615395166.668376;-2362;1025;4592
1615395166.6783993;-2403;1082;4778
1615395166.6893609;-2448;1147;5007
1615395166.7080655;-2543;1240;5350
1615395166.7175403;-2598;1277;5543
1615395166.7275848;-2646;1327;5718
1615395166.7579165;-2821;1435;6213
1615395166.7673721;-2871;1462;6370
1615395166.7777112;-2928;1507;6518
1615395166.7883348;-3000;1532;6693
1615395166.7972887;-3052;1555;6800
1615395166.8271012;-3223;1602;7203
1615395166.8382738;-3297;1622;7340
1615395166.8670762;-3458;1625;7658
1615395166.8968663;-3637;1590;7952
1615395166.9068475;-3701;1570;8017
1615395166.9376998;-3917;1512;8233
1615395166.9472716;-3962;1495;8273
1615395166.9762864;-4150;1367;8410
1615395166.9878879;-4218;1310;8446
1615395167.0160966;-4378;1157;8505
1615395167.0462954;-4547;945;8500
1615395167.0558407;-4618;875;8481
1615395167.0659273;-4661;800;8462
1615395167.0956342;-4811;497;8370
1615395167.1057115;-4863;395;8328
1615395167.1152534;-4911;287;8276
1615395167.1249342;-4958;190;8211
1615395167.1360743;-5030;60;8130
1615395167.1451247;-5067;-50;8070
1615395167.155119;-5101;-160;7996
1615395167.185912;-5236;-587;7696
1615395167.1948307;-5265;-715;7612
1615395167.2054763;-5305;-867;7508
1615395167.2147188;-5320;-1017;7396
1615395167.2450001;-5405;-1500;7007
1615395167.2547202;-5433;-1657;6878
1615395167.2854981;-5502;-2225;6388
1615395167.314676;-5515;-2762;5911
1615395167.3243146;-5526;-2962;5728
1615395167.3346918;-5523;-3187;5513
1615395167.353887;-5510;-3582;5160
1615395167.363441;-5497;-3785;4961
1615395167.373182;-5483;-3995;4758
1615395167.403362;-5415;-4662;4127
1615395167.413096;-5372;-4890;3890
1615395167.4231732;-5355;-5102;3658
1615395167.4345157;-5312;-5365;3393
1615395167.4629538;-5175;-6030;2710
1615395167.4731617;-5120;-6257;2476
1615395167.483996;-5053;-6530;2187
1615395167.502787;-4920;-6977;1726
1615395167.5129964;-4832;-7222;1471
1615395167.5223458;-4761;-7450;1190
1615395167.552469;-4497;-8172;432
1615395167.562016;-4405;-8415;162
1615395167.5723922;-4302;-8645;-106
1615395167.6022918;-3978;-9340;-906
1615395167.6126797;-3848;-9567;-1171
1615395167.6218977;-3722;-9805;-1443
1615395167.6328528;-3598;-10057;-1737
1615395167.6626947;-3187;-10700;-2506
1615395167.6921263;-2750;-11355;-3287
1615395167.7214897;-2267;-11970;-4053
1615395167.7326012;-2061;-12185;-4358
1615395167.7510834;-1726;-12522;-4795
1615395167.7610567;-1536;-12707;-5056
1615395167.7713234;-1352;-12885;-5298
1615395167.782322;-1138;-13090;-5573
1615395167.801205;-777;-13387;-5991
1615395167.8109872;-573;-13545;-6213
1615395167.820949;-368;-13697;-6442
1615395167.8321145;-138;-13850;-6693
1615395167.840673;46;-13965;-6878
1615395167.870601;675;-14335;-7486
1615395167.881573;927;-14452;-7688
1615395167.9107492;1565;-14720;-8208
1615395167.9406228;2225;-14927;-8663
1615395167.9703794;2897;-15070;-9080
1615395167.9814591;3152;-15095;-9216
1615395168.0012162;3572;-15127;-9421
1615395168.0094821;3782;-15125;-9530
1615395168.0198588;4017;-15117;-9601
1615395168.0313954;4252;-15102;-9707
1615395168.0494878;4650;-15060;-9846
1615395168.0591657;4875;-15010;-9913
1615395168.0693314;5091;-14957;-9957
1615395168.080477;5336;-14890;-10006
1615395168.099321;5697;-14757;-10072
1615395168.108928;5890;-14675;-10091
1615395168.1392994;6488;-14365;-10080
1615395168.1695054;7033;-13960;-10017
1615395168.179693;7226;-13787;-9973
1615395168.1987333;7508;-13477;-9871
1615395168.2086644;7672;-13307;-9807
1615395168.2184367;7825;-13107;-9747
1615395168.229727;8005;-12890;-9650
1615395168.2480862;8252;-12472;-9458
1615395168.2578392;8381;-12257;-9352
1615395168.268093;8505;-12025;-9236
1615395168.2791703;8650;-11747;-9102
1615395168.2975621;8837;-11262;-8846
1615395168.307527;8940;-11007;-8698
1615395168.317625;9027;-10715;-8555
1615395168.3290365;9138;-10390;-8340
1615395168.3472056;9260;-9830;-8010
1615395168.3571687;9333;-9517;-7837
1615395168.3677585;9381;-9192;-7642
1615395168.3780944;9452;-8830;-7421
1615395168.4074235;9550;-7847;-6811
1615395168.4172041;9565;-7492;-6578
1615395168.4279447;9600;-7087;-6320
1615395168.4467762;9586;-6390;-5860
1615395168.4563708;9567;-6015;-5620
1615395168.466332;9562;-5642;-5363
1615395168.4967694;9486;-4495;-4571
1615395168.5062659;9436;-4102;-4310
1615395168.5161386;9381;-3695;-4031
1615395168.5272589;9325;-3252;-3705
1615395168.556684;9103;-2110;-2873
1615395168.5659018;9008;-1707;-2596
1615395168.5771067;8911;-1255;-2263
1615395168.595434;8697;-510;-1710
1615395168.6054573;8585;-105;-1411
1615395168.6150966;8455;282;-1113
1615395168.6555169;7875;1835;58
1615395168.6649413;7711;2212;367
1615395168.6757612;7530;2630;700
1615395168.7046037;7010;3682;1522
1615395168.7145672;6800;4035;1802
1615395168.7255588;6586;4422;2130
1615395168.7542207;5968;5392;2933
1615395168.784194;5260;6315;3726
1615395168.7940736;5017;6615;3985
1615395168.8253753;4231;7477;4740
1615395168.8341842;3998;7695;4931
1615395168.864157;3166;8407;5590
1615395168.875569;2871;8660;5830
1615395168.9037418;2061;9205;6386
1615395168.933487;1175;9675;6892
1615395168.9433346;882;9812;7058
1615395168.953122;590;9922;7200
1615395168.983237;-300;10237;7595
1615395168.9932282;-576;10310;7715
1615395169.0239253;-1502;10450;8015
1615395169.052613;-2306;10482;8216
1615395169.0825226;-3135;10397;8377
1615395169.1124985;-3922;10207;8448
1615395169.1236782;-4212;10117;8442
1615395169.1422186;-4656;9917;8437
1615395169.1518407;-4887;9795;8405
1615395169.161917;-5108;9650;8380
1615395169.1912308;-5778;9195;8243
1615395169.2010775;-5980;9025;8181
1615395169.2115784;-6168;8832;8102
1615395169.2224553;-6391;8607;8021
1615395169.231362;-6533;8427;7931
1615395169.2613153;-7031;7732;7628
1615395169.2722023;-7208;7457;7495
1615395169.3013651;-7575;6695;7105
1615395169.3309216;-7912;5820;6628
1615395169.3407872;-8001;5500;6453
1615395169.3714242;-8233;4485;5862
1615395169.3807752;-8276;4212;5710
1615395169.4110131;-8392;3165;5058
1615395169.4216237;-8437;2762;4800
1615395169.4501343;-8431;1707;4121
1615395169.4795628;-8371;600;3370
1615395169.4894676;-8338;212;3111
1615395169.4994738;-8307;-160;2848
1615395169.5095365;-8241;-537;2585
1615395169.5205426;-8188;-975;2277
1615395169.5497391;-7960;-2055;1476
1615395169.5598;-7867;-2427;1203
1615395169.5701807;-7748;-2847;887
1615395169.5986469;-7418;-3915;72
1615395169.608827;-7287;-4270;-212
1615395169.6197178;-7133;-4685;-536
1615395169.6485908;-6693;-5675;-1361
1615395169.6783707;-6163;-6700;-2211
1615395169.688233;-5980;-7020;-2500
1615395169.7190664;-5372;-8007;-3358
1615395169.7479317;-4735;-8835;-4118
1615395169.7582986;-4508;-9097;-4372
1615395169.769463;-4262;-9425;-4677
1615395169.7874703;-3825;-9885;-5141
1615395169.797902;-3577;-10137;-5377
1615395169.807866;-3327;-10362;-5631
1615395169.8190064;-3052;-10615;-5881
1615395169.8479521;-2291;-11187;-6513
1615395169.8776903;-1521;-11710;-7121
1615395169.9080453;-701;-12137;-7680
1615395169.9181263;-392;-12267;-7855
1615395169.9367015;117;-12465;-8148
1615395169.9466372;405;-12550;-8303
1615395169.9565911;675;-12632;-8446
1615395169.9675791;972;-12692;-8578
1615395169.9769626;1220;-12742;-8701
1615395170.006488;2021;-12840;-9026
1615395170.01775;2335;-12857;-9126
1615395170.0361423;2821;-12827;-9266
1615395170.0462546;3076;-12805;-9336
1615395170.0560756;3342;-12770;-9402
1615395170.0673318;3641;-12727;-9456
1615395170.0857956;4107;-12610;-9538
1615395170.0961254;4345;-12520;-9560
1615395170.1061478;4590;-12435;-9573
1615395170.1173313;4856;-12327;-9595
1615395170.1354046;5281;-12105;-9585
1615395170.1458359;5500;-11972;-9576
1615395170.1552482;5728;-11825;-9551
1615395170.1665995;5976;-11655;-9527
1615395170.1849842;6332;-11335;-9435
1615395170.195387;6527;-11140;-9391
1615395170.2053127;6717;-10952;-9322
1615395170.2161489;6955;-10717;-9250
1615395170.2346442;7266;-10297;-9086
1615395170.2446167;7421;-10057;-8998
1615395170.2545779;7587;-9810;-8890
1615395170.2657712;7772;-9505;-8761
1615395170.295098;8150;-8697;-8393
1615395170.304786;8265;-8395;-8255
1615395170.3153117;8416;-8042;-8093
1615395170.334104;8597;-7437;-7781
1615395170.3440979;8692;-7097;-7615
1615395170.3540077;8777;-6755;-7440
1615395170.3840382;8953;-5677;-6873
1615395170.393562;9003;-5295;-6655
1615395170.4035995;9048;-4907;-6448
1615395170.414775;9093;-4472;-6203
1615395170.443718;9117;-3325;-5538
1615395170.4734597;9061;-2072;-4822
1615395170.4834197;9032;-1657;-4562
1615395170.5138505;8890;-325;-3726
1615395170.5227728;8811;60;-3487
1615395170.532812;8732;492;-3203
1615395170.5429702;8645;925;-2920
1615395170.5727026;8331;2205;-2078
1615395170.582527;8205;2642;-1797
1615395170.614161;7767;3950;-901
1615395170.6223345;7620;4310;-658
1615395170.6322157;7461;4727;-367
1615395170.641795;7273;5122;-78
1615395170.6517463;7097;5532;208
1615395170.662672;6888;5975;531
1615395170.691973;6272;7062;1340
1615395170.7018213;6056;7437;1607
1615395170.7126644;5811;7825;1928
1615395170.731228;5360;8477;2446
1615395170.741354;5108;8810;2700
1615395170.7513165;4846;9132;2950
1615395170.7814324;4060;10027;3682
1615395170.791087;3796;10312;3920
1615395170.8011394;3503;10592;4171
1615395170.8123167;3182;10880;4405
1615395170.8303628;2631;11342;4832
1615395170.8403106;2325;11570;5012
1615395170.8509808;2040;11772;5217
1615395170.8618238;1690;12012;5443
1615395170.8906348;806;12520;5936
1615395170.900807;500;12675;6107
1615395170.911817;150;12835;6277
1615395170.9299247;-416;13082;6552
1615395170.940402;-737;13180;6672
1615395170.9504755;-1038;13277;6791
1615395170.9610586;-1402;13360;6911
1615395170.9900932;-2246;13527;7178
1615395170.9997437;-2548;13545;7241
1615395171.0111237;-2912;13567;7323
1615395171.0293038;-3456;13560;7432
1615395171.039381;-3732;13535;7465
1615395171.0494287;-4015;13517;7486
1615395171.0604684;-4323;13470;7506
1615395171.0796087;-4801;13342;7502
1615395171.088849;-5067;13265;7478
1615395171.0989993;-5320;13175;7465
1615395171.110223;-5610;13057;7432
1615395171.1288786;-6035;12817;7350
1615395171.1384594;-6243;12695;7301
1615395171.1487124;-6465;12530;7216
1615395171.159786;-6717;12355;7132
1615395171.188411;-7252;11822;6848
1615395171.218334;-7746;11162;6470
1615395171.2484117;-8173;10432;6010
1615395171.2595003;-8326;10125;5808
1615395171.277726;-8531;9607;5472
1615395171.2876282;-8613;9307;5273
1615395171.2977726;-8713;9005;5056
1615395171.3082747;-8811;8660;4827
1615395171.31746;-8851;8400;4640
1615395171.3473628;-9008;7405;3917
1615395171.3585064;-9061;7007;3636
1615395171.387165;-9091;6002;2878
1615395171.397408;-9096;5655;2601
1615395171.408303;-9093;5242;2293
1615395171.426459;-9032;4555;1751
1615395171.436356;-9017;4190;1457
1615395171.4463696;-8963;3820;1152
1615395171.4762511;-8801;2712;231
1615395171.486211;-8742;2335;-83
1615395171.4961765;-8650;1975;-383
1615395171.5262299;-8405;882;-1328
1615395171.5355003;-8302;520;-1656
1615395171.5461442;-8207;160;-1982
1615395171.5862327;-7730;-1222;-3250
1615395171.6162462;-7330;-2227;-4197
1615395171.6460927;-6895;-3195;-5107
1615395171.6568706;-6720;-3525;-5446
1615395171.6854162;-6246;-4372;-6277
1615395171.7152998;-5733;-5172;-7086
1615395171.725083;-5555;-5420;-7366
1615395171.7562485;-4987;-6180;-8135
1615395171.7646806;-4842;-6372;-8331
1615395171.7946784;-4262;-7007;-8993
1615395171.806357;-4038;-7225;-9243
1615395171.8241525;-3672;-7552;-9598
1615395171.834529;-3461;-7715;-9786
1615395171.8445914;-3271;-7872;-9968
1615395171.8741658;-2662;-8307;-10462
1615395171.8843377;-2460;-8417;-10601
1615395171.9140737;-1868;-8747;-10952
1615395171.9441304;-1248;-8977;-11248
1615395171.954891;-1015;-9045;-11347
1615395171.9730175;-632;-9110;-11461
1615395171.9832857;-426;-9152;-11513
1615395171.9930906;-231;-9180;-11551
1615395172.0037916;5;-9195;-11592
1615395172.012992;178;-9215;-11603
1615395172.0228987;376;-9207;-11620
1615395172.0542102;1003;-9110;-11617
1615395172.0831811;1538;-8962;-11527
1615395172.11303;2116;-8720;-11333
1615395172.1426501;2646;-8382;-11080
1615395172.1535127;2850;-8240;-10976
1615395172.171693;3163;-7975;-10756
1615395172.1818416;3318;-7820;-10627
1615395172.1922545;3487;-7637;-10497
1615395172.203432;3665;-7450;-10342
1615395172.2213469;3938;-7090;-10047
1615395172.23136;4076;-6902;-9883
1615395172.2415767;4212;-6680;-9723
1615395172.2526875;4350;-6437;-9522
1615395172.281377;4685;-5745;-8987
1615395172.2913296;4787;-5500;-8772
1615395172.3026755;4906;-5205;-8546
1615395172.320764;5062;-4680;-8143
1615395172.3304992;5127;-4412;-7911
1615395172.3409147;5210;-4122;-7693
1615395172.3704524;5372;-3210;-6977
1615395172.3806512;5412;-2905;-6735
1615395172.3915198;5452;-2590;-6476
1615395172.4014606;5486;-2225;-6200
1615395172.4301758;5500;-1290;-5453
1615395172.460307;5457;-272;-4677
1615395172.469905;5428;57;-4393
1615395172.4797456;5383;397;-4130
1615395172.4899268;5331;757;-3860
1615395172.5008929;5277;1155;-3550
1615395172.5301886;5051;2145;-2767
1615395172.539966;4953;2480;-2506
1615395172.5508065;4861;2865;-2195
1615395172.5692933;4637;3497;-1691
1615395172.5786588;4508;3830;-1421
1615395172.5889819;4383;4162;-1155
1615395172.618887;3943;5115;-377
1615395172.6284585;3791;5427;-118
1615395172.6384928;3608;5745;141
1615395172.668159;3055;6635;898
1615395172.6782203;2850;6927;1127
1615395172.6883707;2638;7195;1358
1615395172.7185037;1995;7995;2053
1615395172.7280722;1766;8230;2271
1615395172.7378886;1526;8477;2487
1615395172.7490952;1248;8730;2723
1615395172.7580097;1051;8927;2908
1615395172.788091;262;9517;3478
1615395172.7989242;-33;9725;3705
1615395172.807425;-276;9872;3855
1615395172.8173783;-550;10032;4028
1615395172.8486285;-1428;10480;4533
1615395172.8776822;-2240;10792;4938
1615395172.9071152;-3107;11005;5323
1615395172.918303;-3392;11075;5435
1615395172.9366686;-3967;11130;5647
1615395172.9780848;-5125;11137;5952
1615395173.0068011;-5963;11015;6135
1615395173.0366032;-6767;10780;6263
1615395173.0478024;-7071;10685;6290
1615395173.0662138;-7535;10475;6323
1615395173.0766695;-7785;10342;6320
1615395173.0865803;-8028;10200;6326
1615395173.09742;-8310;10022;6320
1615395173.1152477;-8727;9705;6306
1615395173.125131;-8948;9510;6273
1615395173.1353939;-9165;9320;6233
1615395173.1653721;-9768;8665;6107
1615395173.1752837;-9961;8430;6051
1615395173.1854122;-10135;8175;5991
1615395173.1966825;-10348;7895;5920
1615395173.225376;-10781;7100;5707
1615395173.2552505;-11207;6182;5418
1615395173.284666;-11556;5207;5100
1615395173.2960577;-11698;4817;4968
1615395173.3142078;-11851;4147;4740
1615395173.324179;-11927;3787;4606
1615395173.3342721;-11993;3427;4476
1615395173.3460016;-12088;2990;4320
1615395173.3745801;-12207;1875;3882
1615395173.4042528;-12302;665;3423
1615395173.4136696;-12307;247;3261
1615395173.4452076;-12283;-1037;2712
1615395173.4735477;-12172;-2247;2195
1615395173.5034122;-12017;-3505;1647
1615395173.5338538;-11796;-4760;1081
1615395173.5448258;-11708;-5232;852
1615395173.5730658;-11387;-6370;310
1615395173.6029918;-10991;-7585;-285
1615395173.6130016;-10843;-7970;-467
1615395173.6436594;-10351;-9162;-1067
1615395173.6728017;-9818;-10197;-1612
1615395173.7025566;-9230;-11232;-2162
1615395173.7325258;-8563;-12182;-2702
1615395173.7430446;-8305;-12540;-2917
1615395173.7617855;-7851;-13085;-3236
1615395173.772141;-7598;-13365;-3413
1615395173.7815814;-7350;-13647;-3576
1615395173.792595;-7066;-13947;-3762
1615395173.811425;-6557;-14420;-4061
1615395173.821053;-6293;-14657;-4236
1615395173.8312924;-6021;-14902;-4383
1615395173.8425217;-5723;-15170;-4552
1615395173.860576;-5177;-15565;-4822
1615395173.870739;-4898;-15757;-4977
1615395173.8808625;-4611;-15957;-5116
1615395173.8924747;-4295;-16167;-5268
1615395173.9106734;-3746;-16465;-5508
1615395173.920491;-3451;-16622;-5642
1615395173.9305868;-3140;-16780;-5762
1615395173.9416077;-2815;-16942;-5892
1615395173.9600239;-2251;-17175;-6093
1615395173.9704664;-1947;-17295;-6220
1615395173.9805617;-1655;-17397;-6320
1615395173.9911811;-1307;-17507;-6446
1615395174.0095952;-758;-17667;-6617
1615395174.019712;-455;-17740;-6710
1615395174.0297365;-162;-17802;-6783
1615395174.0408695;173;-17875;-6890
1615395174.0499234;426;-17917;-6955
1615395174.0794997;1278;-18015;-7170
1615395174.0908267;1610;-18035;-7238
1615395174.1092224;2113;-18050;-7331
1615395174.1191957;2388;-18047;-7388
1615395174.1292164;2657;-18022;-7432
1615395174.1403701;2962;-18000;-7495
1615395174.1600697;3427;-17937;-7546
1615395174.169133;3691;-17907;-7590
1615395174.1791353;3925;-17845;-7622
1615395174.1898994;4205;-17785;-7647
1615395174.2087839;4635;-17647;-7652
1615395174.2187095;4853;-17580;-7685
1615395174.228564;5075;-17497;-7693
1615395174.239612;5338;-17395;-7691
1615395174.258296;5721;-17205;-7668
1615395174.268182;5928;-17092;-7672
1615395174.2783868;6113;-16985;-7663
1615395174.289439;6330;-16842;-7633
1615395174.3080025;6651;-16595;-7562
1615395174.3179255;6828;-16445;-7541
1615395174.3280556;6983;-16297;-7511
1615395174.3391695;7173;-16127;-7478
1615395174.3573697;7427;-15837;-7380
1615395174.367626;7575;-15667;-7326
1615395174.3775578;7696;-15492;-7285
1615395174.388579;7860;-15287;-7211
1615395174.4182293;8167;-14742;-7015
1615395174.4476933;8428;-14130;-6770
1615395174.4663992;8597;-13710;-6587
1615395174.4769485;8656;-13500;-6506
1615395174.5067327;8827;-12830;-6206
1615395174.516703;8863;-12585;-6100
1615395174.526457;8896;-12352;-5982
1615395174.5379262;8958;-12090;-5857
1615395174.556322;8987;-11625;-5617
1615395174.5665047;8993;-11390;-5506
1615395174.5764022;8996;-11145;-5386
1615395174.5877616;9020;-10870;-5220
1615395174.6062884;8985;-10400;-4958
1615395174.615977;8982;-10142;-4818
1615395174.625957;8961;-9905;-4668
1615395174.6370153;8946;-9622;-4497
1615395174.6660335;8840;-8887;-4058
1615395174.695759;8703;-8140;-3571
1615395174.7053375;8640;-7887;-3402
1615395174.7365575;8455;-7105;-2860
1615395174.7451596;8381;-6885;-2707
1615395174.774989;8155;-6155;-2181
1615395174.7864177;8072;-5882;-1968
1615395174.8042302;7896;-5452;-1612
1615395174.8149703;7803;-5220;-1435
1615395174.8246443;7706;-4990;-1247
1615395174.8543313;7406;-4310;-683
1615395174.8643265;7302;-4082;-490
1615395174.8741457;7200;-3890;-310
1615395174.9037752;6876;-3247;282
1615395174.9138927;6772;-3052;471
1615395174.923333;6643;-2852;653
1615395174.954166;6313;-2262;1247
1615395174.9635932;6198;-2090;1435
1615395174.973345;6075;-1910;1617
1615395175.0036588;5710;-1390;2195
1615395175.013368;5597;-1222;2370
1615395175.0233595;5467;-1055;2568
1615395175.034285;5338;-877;2772
1615395175.0433455;5241;-735;2936
1615395175.0528073;5112;-577;3116
1615395175.0845387;4740;-145;3680
1615395175.09278;4626;-30;3822
1615395175.1024451;4521;95;4007
1615395175.1126103;4395;235;4171
1615395175.1223443;4286;352;4345
1615395175.1335235;4157;497;4536
1615395175.1428897;4052;602;4693
1615395175.1522815;3925;720;4852
1615395175.1623225;3815;832;5012
1615395175.1922667;3492;1127;5467
1615395175.201843;3382;1225;5628
1615395175.2329915;3037;1502;6061
1615395175.2424083;2955;1582;6170
1615395175.2716897;2638;1815;6560
1615395175.2826805;2525;1882;6710
1615395175.3114376;2256;2075;7047
1615395175.321471;2156;2130;7165
1615395175.332237;2047;2185;7276
1615395175.3611546;1781;2337;7565
1615395175.3910432;1547;2437;7821
1615395175.4004536;1457;2477;7906
1615395175.431454;1201;2565;8118
1615395175.4404078;1146;2602;8156
1615395175.4704123;927;2657;8320
1615395175.5004313;706;2692;8428
1615395175.5100446;642;2705;8462
1615395175.5197394;595;2697;8500
1615395175.5309255;508;2705;8532
1615395175.5596554;342;2697;8568
1615395175.5694113;283;2695;8576
1615395175.5991087;131;2672;8557
1615395175.608831;78;2645;8543
1615395175.6301847;-43;2617;8522
1615395175.6587143;-160;2555;8458
1615395175.688973;-307;2490;8312
1615395175.6989036;-347;2467;8273
1615395175.708669;-395;2432;8213
1615395175.718472;-440;2395;8165
1615395175.7299201;-471;2350;8110
1615395175.758538;-580;2235;7895
1615395175.7686546;-611;2205;7825
1615395175.7793937;-632;2152;7735
1615395175.8082063;-737;2030;7476
1615395175.8182144;-753;1972;7386
1615395175.8296473;-782;1920;7273
1615395175.8577383;-830;1775;6968
1615395175.8673275;-866;1727;6860
1615395175.878499;-893;1652;6718
1615395175.887378;-898;1612;6606
1615395175.9173281;-951;1432;6230
1615395175.928532;-980;1352;6077
1615395175.9370835;-996;1297;5957
1615395175.9469173;-993;1235;5808
1615395175.97788;-1043;1030;5358
1615395175.98697;-1046;980;5231
1615395176.0165026;-1075;757;4746
1615395176.0281186;-1080;692;4576
1615395176.036361;-1082;632;4426
1615395176.0464609;-1082;570;4252
1615395176.057331;-1088;500;4086
1615395176.0862086;-1110;257;3571
1615395176.096171;-1106;187;3400
1615395176.1059756;-1103;120;3206
1615395176.115607;-1096;37;3028
1615395176.1269372;-1101;-45;2830
1615395176.1358361;-1096;-95;2658
1615395176.1459165;-1098;-177;2470
1615395176.1562936;-1080;-247;2280
1615395176.1655467;-1093;-335;2075
1615395176.1766796;-1077;-420;1871
1615395176.205796;-1053;-642;1307
1615395176.215448;-1048;-725;1108
1615395176.2262309;-1038;-810;880
1615395176.2351673;-1027;-870;716
1615395176.2450104;-1030;-942;506
1615395176.2560124;-1025;-1027;296
1615395176.265413;-1003;-1105;100
1615395176.2763782;-996;-1205;-125
1615395176.3050208;-951;-1420;-710
1615395176.314929;-943;-1505;-912
1615395176.3263648;-930;-1587;-1146
1615395176.3348153;-922;-1657;-1326
1615395176.3648157;-880;-1892;-1963
1615395176.3754768;-856;-1980;-2176
1615395176.4045756;-813;-2195;-2760
1615395176.4140363;-798;-2272;-2961
1615395176.4250345;-780;-2367;-3197
1615395176.454056;-730;-2577;-3762
1615395176.4643242;-721;-2645;-3963
1615395176.4749334;-697;-2740;-4195
1615395176.5038984;-645;-2945;-4753
1615395176.5336833;-587;-3160;-5337
1615395176.5436068;-568;-3235;-5516
1615395176.5745392;-511;-3465;-6102
1615395176.58315;-490;-3517;-6257
1615395176.5929177;-463;-3585;-6442
1615395176.623998;-407;-3797;-6987
1615395176.6327841;-392;-3847;-7135
1615395176.6627269;-326;-4047;-7636
1615395176.6741648;-305;-4112;-7841
1615395176.682697;-283;-4160;-7957
1615395176.7126865;-228;-4350;-8448
1615395176.723465;-210;-4427;-8617
1615395176.7520785;-152;-4590;-9028
1615395176.762302;-133;-4647;-9178
1615395176.7732887;-102;-4707;-9347
1615395176.8015232;-36;-4852;-9717
1615395176.8120725;-15;-4902;-9841
1615395176.822267;2;-4965;-9990
1615395176.8313656;26;-5017;-10113
1615395176.8411796;41;-5052;-10227
1615395176.8514032;62;-5102;-10342
1615395176.8814332;126;-5240;-10655
1615395176.891525;152;-5275;-10775
1615395176.922197;215;-5405;-11091
1615395176.9513016;273;-5512;-11352
1615395176.9610207;286;-5542;-11453
1615395176.9716167;310;-5592;-11543
1615395176.9902165;352;-5660;-11671
1615395177.0002015;360;-5685;-11777
1615395177.0102656;383;-5725;-11848
1615395177.040542;442;-5797;-12042
1615395177.050328;463;-5832;-12112
1615395177.0598662;485;-5865;-12165
1615395177.0711029;502;-5880;-12216
1615395177.0998373;563;-5932;-12352
1615395177.1295254;623;-6010;-12475
1615395177.139639;623;-6027;-12502
1615395177.1709025;687;-6067;-12595
1615395177.179566;711;-6070;-12633
1615395177.2102568;751;-6105;-12673
1615395177.2197664;766;-6120;-12687
1615395177.2382684;801;-6142;-12696
1615395177.2483053;820;-6147;-12698
1615395177.2701063;843;-6152;-12696
1615395177.2882853;880;-6145;-12680
1615395177.29833;882;-6147;-12685
1615395177.3083875;903;-6170;-12673
1615395177.3195128;917;-6157;-12655
1615395177.348366;956;-6145;-12608
1615395177.3579638;972;-6130;-12546
1615395177.369292;975;-6140;-12551
1615395177.387782;991;-6122;-12477
1615395177.398106;1003;-6127;-12456
1615395177.4076083;1022;-6112;-12415
1615395177.4187331;1035;-6110;-12368
1615395177.4478009;1062;-6062;-12246
1615395177.4777248;1096;-6045;-12082
1615395177.5076132;1136;-5995;-11916
1615395177.518827;1141;-5982;-11848
1615395177.5371137;1162;-5940;-11721
1615395177.5467734;1172;-5922;-11668
1615395177.5567052;1177;-5905;-11587
1615395177.5681434;1175;-5872;-11516
1615395177.5864584;1215;-5822;-11363
1615395177.5964522;1210;-5807;-11301
1615395177.606529;1215;-5782;-11213
1615395177.61767;1222;-5765;-11135
1615395177.636017;1241;-5725;-10976
1615395177.6463094;1243;-5687;-10892
1615395177.655923;1260;-5657;-10786
1615395177.667536;1260;-5630;-10691
1615395177.6857262;1278;-5580;-10525
1615395177.69607;1288;-5542;-10432
1615395177.7058399;1298;-5517;-10336
1615395177.7169259;1298;-5492;-10225
1615395177.7456582;1312;-5392;-9936
1615395177.775421;1331;-5295;-9611
1615395177.7859924;1336;-5255;-9488
1615395177.8161592;1355;-5145;-9156
1615395177.845014;1362;-5037;-8821
1615395177.854651;1370;-5000;-8715
1615395177.866306;1376;-4955;-8590
1615395177.8842945;1378;-4885;-8347
1615395177.8942978;1386;-4837;-8227
1615395177.9045074;1383;-4795;-8097
1615395177.9344153;1417;-4675;-7731
1615395177.944177;1423;-4630;-7601
1615395177.9540362;1423;-4590;-7472
1615395177.9653802;1415;-4537;-7328
1615395177.9942746;1438;-4415;-6957
1615395178.0041673;1433;-4377;-6821
1615395178.0149848;1438;-4310;-6658
1615395178.0334158;1433;-4225;-6391
1615395178.0436132;1436;-4180;-6268
1615395178.0534337;1438;-4130;-6132
1615395178.0832715;1467;-3995;-5737
1615395178.0935183;1473;-3947;-5587
1615395178.1029818;1476;-3902;-5451
1615395178.1142144;1478;-3837;-5287
1615395178.143236;1481;-3695;-4892
1615395178.1537693;1481;-3645;-4740
1615395178.1639264;1497;-3587;-4590
1615395178.1826477;1502;-3480;-4320
1615395178.1931405;1518;-3440;-4181
1615395178.2021809;1510;-3385;-4035
1615395178.2326105;1510;-3225;-3626
1615395178.2428062;1521;-3177;-3473
1615395178.2520423;1521;-3120;-3333
1615395178.2632225;1526;-3067;-3165
1615395178.292514;1536;-2922;-2760
1615395178.3021169;1531;-2847;-2617
1615395178.313185;1552;-2790;-2448
1615395178.33156;1555;-2692;-2176
1615395178.3413448;1555;-2632;-2028
1615395178.3515363;1562;-2577;-1890
1615395178.381227;1578;-2402;-1473
1615395178.3916254;1581;-2347;-1337
1615395178.4015582;1583;-2295;-1190
1615395178.4128947;1586;-2227;-1028
1615395178.440975;1605;-2062;-626
1615395178.4507904;1602;-2000;-495
1615395178.4619918;1612;-1937;-337
1615395178.4906228;1616;-1772;53
1615395178.5002203;1633;-1720;190
1615395178.5112085;1636;-1652;342
1615395178.5206544;1636;-1605;441
1615395178.5301542;1640;-1545;577
1615395178.5402265;1645;-1475;707
1615395178.5702605;1660;-1297;1130
1615395178.581194;1673;-1247;1245
1615395178.6109757;1687;-1060;1653
1615395178.6197846;1687;-1005;1756
1615395178.6494093;1700;-837;2132
1615395178.6607735;1705;-755;2271
1615395178.6694474;1710;-715;2367
1615395178.6791124;1705;-650;2490
1615395178.7110753;1723;-455;2868
1615395178.7191067;1723;-397;2975
1615395178.728905;1733;-327;3102
1615395178.7388997;1726;-275;3201
1615395178.7489173;1740;-215;3323
1615395178.7599063;1742;-150;3451
1615395178.7887058;1745;32;3765
1615395178.7987123;1747;102;3885
1615395178.8092554;1766;157;4007
1615395178.8183365;1773;227;4102
1615395178.8281481;1766;307;4208
1615395178.859145;1781;475;4541
1615395178.8685086;1787;525;4631
1615395178.877898;1792;590;4723
1615395178.887789;1805;652;4832
1615395178.8977435;1795;725;4933
1615395178.9086351;1795;790;5045
1615395178.9377096;1792;975;5320
1615395178.9474893;1802;1040;5418
1615395178.9585264;1802;1105;5511
1615395178.9874418;1811;1280;5770
1615395179.0174682;1797;1470;6047
1615395179.0268087;1800;1532;6121
1615395179.058299;1795;1735;6366
1615395179.06686;1792;1780;6423
1615395179.0963233;1781;1977;6650
1615395179.1075404;1787;2047;6735
1615395179.1364405;1763;2220;6925
1615395179.1464705;1763;2287;6980
1615395179.1572287;1766;2355;7061
1615395179.17562;1761;2480;7192
1615395179.1855726;1750;2530;7250
1615395179.1957169;1742;2595;7296
1615395179.2257364;1726;2777;7451
1615395179.2354484;1718;2830;7488
1615395179.2454462;1707;2885;7546
1615395179.2566276;1705;2967;7617
1615395179.2658238;1681;3010;7633
1615395179.2951667;1666;3187;7745
1615395179.3060758;1647;3255;7805
1615395179.3350224;1616;3432;7903
1615395179.3451278;1602;3490;7943
1615395179.3556745;1586;3547;7971
1615395179.3851557;1555;3715;8031
1615395179.4144113;1502;3865;8097
1615395179.4245648;1478;3927;8102
1615395179.4555519;1433;4090;8148
1615395179.464136;1407;4142;8148
1615395179.4947402;1341;4285;8160
1615395179.5053463;1328;4342;8148
1615395179.5343206;1283;4495;8156
1615395179.5438602;1260;4540;8143
1615395179.5550752;1222;4575;8132
1615395179.5727909;1175;4660;8100
1615395179.5831194;1143;4695;8091
1615395179.593156;1122;4752;8070
1615395179.622827;1041;4880;8023
1615395179.633898;1017;4912;7980
1615395179.6426783;980;4967;7950
1615395179.672602;880;5082;7865
1615395179.6823366;861;5105;7830
1615395179.6922994;822;5157;7795
1615395179.7219763;742;5242;7666
1615395179.7324243;718;5292;7633
1615395179.7417693;680;5330;7601
1615395179.7721074;571;5417;7446
1615395179.781544;540;5440;7388
1615395179.791482;506;5477;7336
1615395179.8319237;360;5580;7102
1615395179.841817;318;5590;7042
1615395179.8526669;271;5617;6968
1615395179.8817317;173;5672;6753
1615395179.8910124;123;5685;6693
1615395179.9018385;73;5705;6608
1615395179.9109914;46;5722;6538
1615395179.9212499;0;5715;6451
1615395179.9306653;-46;5740;6370
1615395179.9407933;-91;5750;6285
1615395179.9708133;-210;5797;6037
1615395179.981147;-252;5805;5933
1615395180.0018933;-342;5812;5758
1615395180.0200222;-418;5810;5580
1615395180.0302112;-463;5800;5486
1615395180.04002;-513;5807;5375
